Godot Engine v4.7.1.stable.official.a13da4feb - https://godotengine.org

Could not find version of build tools that matches Target SDK, using 35.0.0
[   0% ] first_scan_filesystem | Started Project initialization (5 steps)
[   0% ] first_scan_filesystem | Scanning file structure...
WARNING: Detected another project.godot at res://reports/audit/balance_run_project. The folder will be ignored.
   at: _should_skip_directory (editor/file_system/editor_file_system.cpp:3497)
[  16% ] first_scan_filesystem | Loading global class names...
[  33% ] first_scan_filesystem | Verifying GDExtensions...
[  50% ] first_scan_filesystem | Creating autoload scripts...
[  66% ] first_scan_filesystem | Initializing plugins...
[  83% ] first_scan_filesystem | Starting file scan...
[ DONE ] first_scan_filesystem

[   0% ] update_scripts_classes | Started Registering global classes... (4 steps)
[   0% ] update_scripts_classes | 
[  20% ] update_scripts_classes | 
[  40% ] update_scripts_classes | 
[  60% ] update_scripts_classes | 
[ DONE ] update_scripts_classes

[   0% ] _update_scan_actions | Started Scanning actions... (918 steps)
[   0% ] _update_scan_actions | chogan-device-after-start.png
[   0% ] _update_scan_actions | chogan-device-flow-2.png
[   0% ] _update_scan_actions | chogan-device-flow-3.png
[   0% ] _update_scan_actions | chogan-device-flow-4.png
[   0% ] _update_scan_actions | chogan-device-main.png
[   0% ] _update_scan_actions | 01_overview_start.png
[   0% ] _update_scan_actions | 02_camera_follow.png
[   0% ] _update_scan_actions | 03_rider_scale_gallop.png
[   0% ] _update_scan_actions | 04_aim_charge_readable.png
[   0% ] _update_scan_actions | 05_strike_pose.png
[   1% ] _update_scan_actions | 06_ball_follow.png
[   1% ] _update_scan_actions | 07_goal_camera_feedback.png
[   1% ] _update_scan_actions | 08_mobile_20x9_hud.png
[   1% ] _update_scan_actions | frame_0000.png
[   1% ] _update_scan_actions | frame_0001.png
[   1% ] _update_scan_actions | frame_0002.png
[   1% ] _update_scan_actions | frame_0003.png
[   1% ] _update_scan_actions | frame_0004.png
[   1% ] _update_scan_actions | frame_0005.png
[   2% ] _update_scan_actions | frame_0006.png
[   2% ] _update_scan_actions | frame_0007.png
[   2% ] _update_scan_actions | frame_0008.png
[   2% ] _update_scan_actions | frame_0009.png
[   2% ] _update_scan_actions | frame_0010.png
[   2% ] _update_scan_actions | frame_0011.png
[   2% ] _update_scan_actions | frame_0012.png
[   2% ] _update_scan_actions | frame_0013.png
[   2% ] _update_scan_actions | frame_0014.png
[   3% ] _update_scan_actions | frame_0015.png
[   3% ] _update_scan_actions | frame_0016.png
[   3% ] _update_scan_actions | frame_0017.png
[   3% ] _update_scan_actions | frame_0018.png
[   3% ] _update_scan_actions | frame_0019.png
[   3% ] _update_scan_actions | frame_0020.png
[   3% ] _update_scan_actions | frame_0021.png
[   3% ] _update_scan_actions | frame_0022.png
[   3% ] _update_scan_actions | frame_0023.png
[   4% ] _update_scan_actions | frame_0024.png
[   4% ] _update_scan_actions | frame_0025.png
[   4% ] _update_scan_actions | frame_0026.png
[   4% ] _update_scan_actions | frame_0027.png
[   4% ] _update_scan_actions | frame_0028.png
[   4% ] _update_scan_actions | frame_0029.png
[   4% ] _update_scan_actions | frame_0030.png
[   4% ] _update_scan_actions | frame_0031.png
[   4% ] _update_scan_actions | frame_0032.png
[   5% ] _update_scan_actions | frame_0033.png
[   5% ] _update_scan_actions | frame_0034.png
[   5% ] _update_scan_actions | frame_0035.png
[   5% ] _update_scan_actions | frame_0036.png
[   5% ] _update_scan_actions | frame_0037.png
[   5% ] _update_scan_actions | frame_0038.png
[   5% ] _update_scan_actions | frame_0039.png
[   5% ] _update_scan_actions | frame_0040.png
[   5% ] _update_scan_actions | frame_0041.png
[   5% ] _update_scan_actions | frame_0042.png
[   6% ] _update_scan_actions | frame_0043.png
[   6% ] _update_scan_actions | frame_0044.png
[   6% ] _update_scan_actions | frame_0045.png
[   6% ] _update_scan_actions | frame_0046.png
[   6% ] _update_scan_actions | frame_0047.png
[   6% ] _update_scan_actions | frame_0048.png
[   6% ] _update_scan_actions | frame_0049.png
[   6% ] _update_scan_actions | frame_0050.png
[   6% ] _update_scan_actions | frame_0051.png
[   7% ] _update_scan_actions | frame_0052.png
[   7% ] _update_scan_actions | frame_0053.png
[   7% ] _update_scan_actions | frame_0054.png
[   7% ] _update_scan_actions | frame_0055.png
[   7% ] _update_scan_actions | frame_0056.png
[   7% ] _update_scan_actions | frame_0057.png
[   7% ] _update_scan_actions | frame_0058.png
[   7% ] _update_scan_actions | frame_0059.png
[   7% ] _update_scan_actions | frame_0060.png
[   8% ] _update_scan_actions | frame_0061.png
[   8% ] _update_scan_actions | frame_0062.png
[   8% ] _update_scan_actions | frame_0063.png
[   8% ] _update_scan_actions | frame_0064.png
[   8% ] _update_scan_actions | frame_0065.png
[   8% ] _update_scan_actions | frame_0066.png
[   8% ] _update_scan_actions | frame_0067.png
[   8% ] _update_scan_actions | frame_0068.png
[   8% ] _update_scan_actions | frame_0069.png
[   9% ] _update_scan_actions | frame_0070.png
[   9% ] _update_scan_actions | frame_0071.png
[   9% ] _update_scan_actions | frame_0072.png
[   9% ] _update_scan_actions | frame_0073.png
[   9% ] _update_scan_actions | frame_0074.png
[   9% ] _update_scan_actions | frame_0075.png
[   9% ] _update_scan_actions | frame_0076.png
[   9% ] _update_scan_actions | frame_0077.png
[   9% ] _update_scan_actions | frame_0078.png
[  10% ] _update_scan_actions | frame_0079.png
[  10% ] _update_scan_actions | frame_0080.png
[  10% ] _update_scan_actions | frame_0081.png
[  10% ] _update_scan_actions | frame_0082.png
[  10% ] _update_scan_actions | frame_0083.png
[  10% ] _update_scan_actions | frame_0084.png
[  10% ] _update_scan_actions | frame_0085.png
[  10% ] _update_scan_actions | frame_0086.png
[  10% ] _update_scan_actions | frame_0087.png
[  10% ] _update_scan_actions | frame_0088.png
[  11% ] _update_scan_actions | frame_0089.png
[  11% ] _update_scan_actions | frame_0090.png
[  11% ] _update_scan_actions | frame_0091.png
[  11% ] _update_scan_actions | frame_0092.png
[  11% ] _update_scan_actions | frame_0093.png
[  11% ] _update_scan_actions | frame_0094.png
[  11% ] _update_scan_actions | frame_0095.png
[  11% ] _update_scan_actions | frame_0096.png
[  11% ] _update_scan_actions | frame_0097.png
[  12% ] _update_scan_actions | frame_0098.png
[  12% ] _update_scan_actions | frame_0099.png
[  12% ] _update_scan_actions | frame_0100.png
[  12% ] _update_scan_actions | frame_0101.png
[  12% ] _update_scan_actions | frame_0102.png
[  12% ] _update_scan_actions | frame_0103.png
[  12% ] _update_scan_actions | frame_0104.png
[  12% ] _update_scan_actions | frame_0105.png
[  12% ] _update_scan_actions | frame_0106.png
[  13% ] _update_scan_actions | frame_0107.png
[  13% ] _update_scan_actions | frame_0108.png
[  13% ] _update_scan_actions | frame_0109.png
[  13% ] _update_scan_actions | frame_0110.png
[  13% ] _update_scan_actions | frame_0111.png
[  13% ] _update_scan_actions | frame_0112.png
[  13% ] _update_scan_actions | frame_0113.png
[  13% ] _update_scan_actions | frame_0114.png
[  13% ] _update_scan_actions | frame_0115.png
[  14% ] _update_scan_actions | frame_0116.png
[  14% ] _update_scan_actions | frame_0117.png
[  14% ] _update_scan_actions | frame_0118.png
[  14% ] _update_scan_actions | frame_0119.png
[  14% ] _update_scan_actions | frame_0120.png
[  14% ] _update_scan_actions | frame_0121.png
[  14% ] _update_scan_actions | frame_0122.png
[  14% ] _update_scan_actions | frame_0123.png
[  14% ] _update_scan_actions | frame_0124.png
[  15% ] _update_scan_actions | frame_0125.png
[  15% ] _update_scan_actions | frame_0126.png
[  15% ] _update_scan_actions | frame_0127.png
[  15% ] _update_scan_actions | frame_0128.png
[  15% ] _update_scan_actions | frame_0129.png
[  15% ] _update_scan_actions | frame_0130.png
[  15% ] _update_scan_actions | frame_0131.png
[  15% ] _update_scan_actions | frame_0132.png
[  15% ] _update_scan_actions | frame_0133.png
[  15% ] _update_scan_actions | frame_0134.png
[  16% ] _update_scan_actions | frame_0135.png
[  16% ] _update_scan_actions | frame_0136.png
[  16% ] _update_scan_actions | frame_0137.png
[  16% ] _update_scan_actions | frame_0138.png
[  16% ] _update_scan_actions | frame_0139.png
[  16% ] _update_scan_actions | frame_0140.png
[  16% ] _update_scan_actions | frame_0141.png
[  16% ] _update_scan_actions | frame_0142.png
[  16% ] _update_scan_actions | frame_0143.png
[  17% ] _update_scan_actions | frame_0144.png
[  17% ] _update_scan_actions | frame_0145.png
[  17% ] _update_scan_actions | frame_0146.png
[  17% ] _update_scan_actions | frame_0147.png
[  17% ] _update_scan_actions | frame_0148.png
[  17% ] _update_scan_actions | frame_0149.png
[  17% ] _update_scan_actions | frame_0150.png
[  17% ] _update_scan_actions | frame_0151.png
[  17% ] _update_scan_actions | frame_0152.png
[  18% ] _update_scan_actions | frame_0153.png
[  18% ] _update_scan_actions | frame_0154.png
[  18% ] _update_scan_actions | frame_0155.png
[  18% ] _update_scan_actions | frame_0156.png
[  18% ] _update_scan_actions | frame_0157.png
[  18% ] _update_scan_actions | frame_0158.png
[  18% ] _update_scan_actions | frame_0159.png
[  18% ] _update_scan_actions | frame_0160.png
[  18% ] _update_scan_actions | frame_0161.png
[  19% ] _update_scan_actions | frame_0162.png
[  19% ] _update_scan_actions | frame_0163.png
[  19% ] _update_scan_actions | frame_0164.png
[  19% ] _update_scan_actions | frame_0165.png
[  19% ] _update_scan_actions | frame_0166.png
[  19% ] _update_scan_actions | frame_0167.png
[  19% ] _update_scan_actions | frame_0168.png
[  19% ] _update_scan_actions | frame_0169.png
[  19% ] _update_scan_actions | frame_0170.png
[  20% ] _update_scan_actions | frame_0171.png
[  20% ] _update_scan_actions | frame_0172.png
[  20% ] _update_scan_actions | frame_0173.png
[  20% ] _update_scan_actions | frame_0174.png
[  20% ] _update_scan_actions | frame_0175.png
[  20% ] _update_scan_actions | frame_0176.png
[  20% ] _update_scan_actions | frame_0177.png
[  20% ] _update_scan_actions | frame_0178.png
[  20% ] _update_scan_actions | frame_0179.png
[  21% ] _update_scan_actions | frame_0180.png
[  21% ] _update_scan_actions | frame_0181.png
[  21% ] _update_scan_actions | frame_0182.png
[  21% ] _update_scan_actions | frame_0183.png
[  21% ] _update_scan_actions | frame_0184.png
[  21% ] _update_scan_actions | frame_0185.png
[  21% ] _update_scan_actions | frame_0186.png
[  21% ] _update_scan_actions | frame_0187.png
[  21% ] _update_scan_actions | frame_0188.png
[  21% ] _update_scan_actions | frame_0189.png
[  22% ] _update_scan_actions | frame_0190.png
[  22% ] _update_scan_actions | frame_0191.png
[  22% ] _update_scan_actions | frame_0192.png
[  22% ] _update_scan_actions | frame_0193.png
[  22% ] _update_scan_actions | frame_0194.png
[  22% ] _update_scan_actions | frame_0195.png
[  22% ] _update_scan_actions | frame_0196.png
[  22% ] _update_scan_actions | frame_0197.png
[  22% ] _update_scan_actions | frame_0198.png
[  23% ] _update_scan_actions | frame_0199.png
[  23% ] _update_scan_actions | frame_0200.png
[  23% ] _update_scan_actions | frame_0201.png
[  23% ] _update_scan_actions | frame_0202.png
[  23% ] _update_scan_actions | frame_0203.png
[  23% ] _update_scan_actions | frame_0204.png
[  23% ] _update_scan_actions | frame_0205.png
[  23% ] _update_scan_actions | frame_0206.png
[  23% ] _update_scan_actions | frame_0207.png
[  24% ] _update_scan_actions | frame_0208.png
[  24% ] _update_scan_actions | frame_0209.png
[  24% ] _update_scan_actions | frame_0210.png
[  24% ] _update_scan_actions | frame_0211.png
[  24% ] _update_scan_actions | frame_0212.png
[  24% ] _update_scan_actions | frame_0213.png
[  24% ] _update_scan_actions | frame_0214.png
[  24% ] _update_scan_actions | frame_0215.png
[  24% ] _update_scan_actions | frame_0216.png
[  25% ] _update_scan_actions | frame_0217.png
[  25% ] _update_scan_actions | frame_0218.png
[  25% ] _update_scan_actions | frame_0219.png
[  25% ] _update_scan_actions | frame_0220.png
[  25% ] _update_scan_actions | frame_0221.png
[  25% ] _update_scan_actions | frame_0222.png
[  25% ] _update_scan_actions | frame_0223.png
[  25% ] _update_scan_actions | frame_0224.png
[  25% ] _update_scan_actions | frame_0225.png
[  26% ] _update_scan_actions | frame_0226.png
[  26% ] _update_scan_actions | frame_0227.png
[  26% ] _update_scan_actions | frame_0228.png
[  26% ] _update_scan_actions | frame_0229.png
[  26% ] _update_scan_actions | frame_0230.png
[  26% ] _update_scan_actions | frame_0231.png
[  26% ] _update_scan_actions | frame_0232.png
[  26% ] _update_scan_actions | frame_0233.png
[  26% ] _update_scan_actions | frame_0234.png
[  26% ] _update_scan_actions | frame_0235.png
[  27% ] _update_scan_actions | frame_0236.png
[  27% ] _update_scan_actions | frame_0237.png
[  27% ] _update_scan_actions | frame_0238.png
[  27% ] _update_scan_actions | frame_0239.png
[  27% ] _update_scan_actions | frame_0240.png
[  27% ] _update_scan_actions | frame_0241.png
[  27% ] _update_scan_actions | frame_0242.png
[  27% ] _update_scan_actions | frame_0243.png
[  27% ] _update_scan_actions | frame_0244.png
[  28% ] _update_scan_actions | frame_0245.png
[  28% ] _update_scan_actions | frame_0246.png
[  28% ] _update_scan_actions | frame_0247.png
[  28% ] _update_scan_actions | frame_0248.png
[  28% ] _update_scan_actions | frame_0249.png
[  28% ] _update_scan_actions | frame_0250.png
[  28% ] _update_scan_actions | frame_0251.png
[  28% ] _update_scan_actions | frame_0252.png
[  28% ] _update_scan_actions | frame_0253.png
[  29% ] _update_scan_actions | frame_0254.png
[  29% ] _update_scan_actions | frame_0255.png
[  29% ] _update_scan_actions | frame_0256.png
[  29% ] _update_scan_actions | frame_0257.png
[  29% ] _update_scan_actions | frame_0258.png
[  29% ] _update_scan_actions | frame_0259.png
[  29% ] _update_scan_actions | frame_0260.png
[  29% ] _update_scan_actions | frame_0261.png
[  29% ] _update_scan_actions | frame_0262.png
[  30% ] _update_scan_actions | frame_0263.png
[  30% ] _update_scan_actions | frame_0264.png
[  30% ] _update_scan_actions | frame_0265.png
[  30% ] _update_scan_actions | frame_0266.png
[  30% ] _update_scan_actions | frame_0267.png
[  30% ] _update_scan_actions | frame_0268.png
[  30% ] _update_scan_actions | frame_0269.png
[  30% ] _update_scan_actions | frame_0270.png
[  30% ] _update_scan_actions | frame_0271.png
[  31% ] _update_scan_actions | frame_0272.png
[  31% ] _update_scan_actions | frame_0273.png
[  31% ] _update_scan_actions | frame_0274.png
[  31% ] _update_scan_actions | frame_0275.png
[  31% ] _update_scan_actions | frame_0276.png
[  31% ] _update_scan_actions | frame_0277.png
[  31% ] _update_scan_actions | frame_0278.png
[  31% ] _update_scan_actions | frame_0279.png
[  31% ] _update_scan_actions | frame_0280.png
[  31% ] _update_scan_actions | frame_0281.png
[  32% ] _update_scan_actions | frame_0282.png
[  32% ] _update_scan_actions | frame_0283.png
[  32% ] _update_scan_actions | frame_0284.png
[  32% ] _update_scan_actions | frame_0285.png
[  32% ] _update_scan_actions | frame_0286.png
[  32% ] _update_scan_actions | frame_0287.png
[  32% ] _update_scan_actions | frame_0288.png
[  32% ] _update_scan_actions | frame_0289.png
[  32% ] _update_scan_actions | frame_0290.png
[  33% ] _update_scan_actions | frame_0291.png
[  33% ] _update_scan_actions | frame_0292.png
[  33% ] _update_scan_actions | frame_0293.png
[  33% ] _update_scan_actions | frame_0294.png
[  33% ] _update_scan_actions | frame_0295.png
[  33% ] _update_scan_actions | frame_0296.png
[  33% ] _update_scan_actions | frame_0297.png
[  33% ] _update_scan_actions | frame_0298.png
[  33% ] _update_scan_actions | frame_0299.png
[  34% ] _update_scan_actions | frame_0300.png
[  34% ] _update_scan_actions | frame_0301.png
[  34% ] _update_scan_actions | frame_0302.png
[  34% ] _update_scan_actions | frame_0303.png
[  34% ] _update_scan_actions | frame_0304.png
[  34% ] _update_scan_actions | frame_0305.png
[  34% ] _update_scan_actions | frame_0306.png
[  34% ] _update_scan_actions | frame_0307.png
[  34% ] _update_scan_actions | frame_0308.png
[  35% ] _update_scan_actions | frame_0309.png
[  35% ] _update_scan_actions | frame_0310.png
[  35% ] _update_scan_actions | frame_0311.png
[  35% ] _update_scan_actions | frame_0312.png
[  35% ] _update_scan_actions | frame_0313.png
[  35% ] _update_scan_actions | frame_0314.png
[  35% ] _update_scan_actions | frame_0315.png
[  35% ] _update_scan_actions | frame_0316.png
[  35% ] _update_scan_actions | frame_0317.png
[  36% ] _update_scan_actions | frame_0318.png
[  36% ] _update_scan_actions | frame_0319.png
[  36% ] _update_scan_actions | frame_0320.png
[  36% ] _update_scan_actions | frame_0321.png
[  36% ] _update_scan_actions | frame_0322.png
[  36% ] _update_scan_actions | frame_0323.png
[  36% ] _update_scan_actions | frame_0324.png
[  36% ] _update_scan_actions | frame_0325.png
[  36% ] _update_scan_actions | frame_0326.png
[  36% ] _update_scan_actions | frame_0327.png
[  37% ] _update_scan_actions | frame_0328.png
[  37% ] _update_scan_actions | frame_0329.png
[  37% ] _update_scan_actions | frame_0330.png
[  37% ] _update_scan_actions | frame_0331.png
[  37% ] _update_scan_actions | frame_0332.png
[  37% ] _update_scan_actions | frame_0333.png
[  37% ] _update_scan_actions | frame_0334.png
[  37% ] _update_scan_actions | frame_0335.png
[  37% ] _update_scan_actions | frame_0336.png
[  38% ] _update_scan_actions | frame_0337.png
[  38% ] _update_scan_actions | frame_0338.png
[  38% ] _update_scan_actions | frame_0339.png
[  38% ] _update_scan_actions | frame_0340.png
[  38% ] _update_scan_actions | frame_0341.png
[  38% ] _update_scan_actions | frame_0342.png
[  38% ] _update_scan_actions | frame_0343.png
[  38% ] _update_scan_actions | frame_0344.png
[  38% ] _update_scan_actions | frame_0345.png
[  39% ] _update_scan_actions | frame_0346.png
[  39% ] _update_scan_actions | frame_0347.png
[  39% ] _update_scan_actions | frame_0348.png
[  39% ] _update_scan_actions | frame_0349.png
[  39% ] _update_scan_actions | frame_0350.png
[  39% ] _update_scan_actions | frame_0351.png
[  39% ] _update_scan_actions | frame_0352.png
[  39% ] _update_scan_actions | frame_0353.png
[  39% ] _update_scan_actions | frame_0354.png
[  40% ] _update_scan_actions | frame_0355.png
[  40% ] _update_scan_actions | frame_0356.png
[  40% ] _update_scan_actions | frame_0357.png
[  40% ] _update_scan_actions | frame_0358.png
[  40% ] _update_scan_actions | frame_0359.png
[  40% ] _update_scan_actions | frame_0360.png
[  40% ] _update_scan_actions | frame_0361.png
[  40% ] _update_scan_actions | frame_0362.png
[  40% ] _update_scan_actions | frame_0363.png
[  41% ] _update_scan_actions | frame_0364.png
[  41% ] _update_scan_actions | frame_0365.png
[  41% ] _update_scan_actions | frame_0366.png
[  41% ] _update_scan_actions | frame_0367.png
[  41% ] _update_scan_actions | frame_0368.png
[  41% ] _update_scan_actions | frame_0369.png
[  41% ] _update_scan_actions | frame_0370.png
[  41% ] _update_scan_actions | frame_0371.png
[  41% ] _update_scan_actions | frame_0372.png
[  42% ] _update_scan_actions | frame_0373.png
[  42% ] _update_scan_actions | frame_0374.png
[  42% ] _update_scan_actions | frame_0375.png
[  42% ] _update_scan_actions | frame_0376.png
[  42% ] _update_scan_actions | frame_0377.png
[  42% ] _update_scan_actions | frame_0378.png
[  42% ] _update_scan_actions | frame_0379.png
[  42% ] _update_scan_actions | frame_0380.png
[  42% ] _update_scan_actions | frame_0381.png
[  42% ] _update_scan_actions | frame_0382.png
[  43% ] _update_scan_actions | frame_0383.png
[  43% ] _update_scan_actions | frame_0384.png
[  43% ] _update_scan_actions | frame_0385.png
[  43% ] _update_scan_actions | frame_0386.png
[  43% ] _update_scan_actions | frame_0387.png
[  43% ] _update_scan_actions | frame_0388.png
[  43% ] _update_scan_actions | frame_0389.png
[  43% ] _update_scan_actions | frame_0390.png
[  43% ] _update_scan_actions | frame_0391.png
[  44% ] _update_scan_actions | frame_0392.png
[  44% ] _update_scan_actions | frame_0393.png
[  44% ] _update_scan_actions | frame_0394.png
[  44% ] _update_scan_actions | frame_0395.png
[  44% ] _update_scan_actions | frame_0396.png
[  44% ] _update_scan_actions | frame_0397.png
[  44% ] _update_scan_actions | frame_0398.png
[  44% ] _update_scan_actions | frame_0399.png
[  44% ] _update_scan_actions | frame_0400.png
[  45% ] _update_scan_actions | frame_0401.png
[  45% ] _update_scan_actions | frame_0402.png
[  45% ] _update_scan_actions | frame_0403.png
[  45% ] _update_scan_actions | frame_0404.png
[  45% ] _update_scan_actions | frame_0405.png
[  45% ] _update_scan_actions | frame_0406.png
[  45% ] _update_scan_actions | frame_0407.png
[  45% ] _update_scan_actions | frame_0408.png
[  45% ] _update_scan_actions | frame_0409.png
[  46% ] _update_scan_actions | frame_0410.png
[  46% ] _update_scan_actions | frame_0411.png
[  46% ] _update_scan_actions | frame_0412.png
[  46% ] _update_scan_actions | frame_0413.png
[  46% ] _update_scan_actions | frame_0414.png
[  46% ] _update_scan_actions | frame_0415.png
[  46% ] _update_scan_actions | frame_0416.png
[  46% ] _update_scan_actions | frame_0417.png
[  46% ] _update_scan_actions | frame_0418.png
[  47% ] _update_scan_actions | frame_0419.png
[  47% ] _update_scan_actions | frame_0420.png
[  47% ] _update_scan_actions | frame_0421.png
[  47% ] _update_scan_actions | frame_0422.png
[  47% ] _update_scan_actions | frame_0423.png
[  47% ] _update_scan_actions | frame_0424.png
[  47% ] _update_scan_actions | frame_0425.png
[  47% ] _update_scan_actions | frame_0426.png
[  47% ] _update_scan_actions | frame_0427.png
[  47% ] _update_scan_actions | frame_0428.png
[  48% ] _update_scan_actions | frame_0429.png
[  48% ] _update_scan_actions | frame_0430.png
[  48% ] _update_scan_actions | frame_0431.png
[  48% ] _update_scan_actions | frame_0432.png
[  48% ] _update_scan_actions | frame_0433.png
[  48% ] _update_scan_actions | frame_0434.png
[  48% ] _update_scan_actions | frame_0435.png
[  48% ] _update_scan_actions | frame_0436.png
[  48% ] _update_scan_actions | frame_0437.png
[  49% ] _update_scan_actions | frame_0438.png
[  49% ] _update_scan_actions | frame_0439.png
[  49% ] _update_scan_actions | frame_0440.png
[  49% ] _update_scan_actions | frame_0441.png
[  49% ] _update_scan_actions | frame_0442.png
[  49% ] _update_scan_actions | frame_0443.png
[  49% ] _update_scan_actions | frame_0444.png
[  49% ] _update_scan_actions | frame_0445.png
[  49% ] _update_scan_actions | frame_0446.png
[  50% ] _update_scan_actions | frame_0447.png
[  50% ] _update_scan_actions | frame_0448.png
[  50% ] _update_scan_actions | frame_0449.png
[  50% ] _update_scan_actions | frame_0450.png
[  50% ] _update_scan_actions | frame_0451.png
[  50% ] _update_scan_actions | frame_0452.png
[  50% ] _update_scan_actions | frame_0453.png
[  50% ] _update_scan_actions | frame_0454.png
[  50% ] _update_scan_actions | frame_0455.png
[  51% ] _update_scan_actions | frame_0456.png
[  51% ] _update_scan_actions | frame_0457.png
[  51% ] _update_scan_actions | frame_0458.png
[  51% ] _update_scan_actions | frame_0459.png
[  51% ] _update_scan_actions | frame_0460.png
[  51% ] _update_scan_actions | frame_0461.png
[  51% ] _update_scan_actions | frame_0462.png
[  51% ] _update_scan_actions | frame_0463.png
[  51% ] _update_scan_actions | frame_0464.png
[  52% ] _update_scan_actions | frame_0465.png
[  52% ] _update_scan_actions | frame_0466.png
[  52% ] _update_scan_actions | frame_0467.png
[  52% ] _update_scan_actions | frame_0468.png
[  52% ] _update_scan_actions | frame_0469.png
[  52% ] _update_scan_actions | frame_0470.png
[  52% ] _update_scan_actions | frame_0471.png
[  52% ] _update_scan_actions | frame_0472.png
[  52% ] _update_scan_actions | frame_0473.png
[  52% ] _update_scan_actions | frame_0474.png
[  53% ] _update_scan_actions | frame_0475.png
[  53% ] _update_scan_actions | frame_0476.png
[  53% ] _update_scan_actions | frame_0477.png
[  53% ] _update_scan_actions | frame_0478.png
[  53% ] _update_scan_actions | frame_0479.png
[  53% ] _update_scan_actions | frame_0480.png
[  53% ] _update_scan_actions | frame_0481.png
[  53% ] _update_scan_actions | frame_0482.png
[  53% ] _update_scan_actions | frame_0483.png
[  54% ] _update_scan_actions | frame_0484.png
[  54% ] _update_scan_actions | frame_0485.png
[  54% ] _update_scan_actions | frame_0486.png
[  54% ] _update_scan_actions | frame_0487.png
[  54% ] _update_scan_actions | frame_0488.png
[  54% ] _update_scan_actions | frame_0489.png
[  54% ] _update_scan_actions | frame_0490.png
[  54% ] _update_scan_actions | frame_0491.png
[  54% ] _update_scan_actions | frame_0492.png
[  55% ] _update_scan_actions | frame_0493.png
[  55% ] _update_scan_actions | frame_0494.png
[  55% ] _update_scan_actions | frame_0495.png
[  55% ] _update_scan_actions | frame_0496.png
[  55% ] _update_scan_actions | frame_0497.png
[  55% ] _update_scan_actions | frame_0498.png
[  55% ] _update_scan_actions | frame_0499.png
[  55% ] _update_scan_actions | frame_0500.png
[  55% ] _update_scan_actions | frame_0501.png
[  56% ] _update_scan_actions | frame_0502.png
[  56% ] _update_scan_actions | frame_0503.png
[  56% ] _update_scan_actions | frame_0504.png
[  56% ] _update_scan_actions | frame_0505.png
[  56% ] _update_scan_actions | frame_0506.png
[  56% ] _update_scan_actions | frame_0507.png
[  56% ] _update_scan_actions | frame_0508.png
[  56% ] _update_scan_actions | frame_0509.png
[  56% ] _update_scan_actions | frame_0510.png
[  57% ] _update_scan_actions | frame_0511.png
[  57% ] _update_scan_actions | frame_0512.png
[  57% ] _update_scan_actions | frame_0513.png
[  57% ] _update_scan_actions | frame_0514.png
[  57% ] _update_scan_actions | frame_0515.png
[  57% ] _update_scan_actions | frame_0516.png
[  57% ] _update_scan_actions | frame_0517.png
[  57% ] _update_scan_actions | frame_0518.png
[  57% ] _update_scan_actions | frame_0519.png
[  57% ] _update_scan_actions | frame_0520.png
[  58% ] _update_scan_actions | frame_0521.png
[  58% ] _update_scan_actions | frame_0522.png
[  58% ] _update_scan_actions | frame_0523.png
[  58% ] _update_scan_actions | frame_0524.png
[  58% ] _update_scan_actions | frame_0525.png
[  58% ] _update_scan_actions | frame_0526.png
[  58% ] _update_scan_actions | frame_0527.png
[  58% ] _update_scan_actions | frame_0528.png
[  58% ] _update_scan_actions | frame_0529.png
[  59% ] _update_scan_actions | frame_0530.png
[  59% ] _update_scan_actions | frame_0531.png
[  59% ] _update_scan_actions | frame_0532.png
[  59% ] _update_scan_actions | frame_0533.png
[  59% ] _update_scan_actions | frame_0534.png
[  59% ] _update_scan_actions | frame_0535.png
[  59% ] _update_scan_actions | frame_0536.png
[  59% ] _update_scan_actions | frame_0537.png
[  59% ] _update_scan_actions | frame_0538.png
[  60% ] _update_scan_actions | frame_0539.png
[  60% ] _update_scan_actions | frame_0540.png
[  60% ] _update_scan_actions | frame_0541.png
[  60% ] _update_scan_actions | frame_0542.png
[  60% ] _update_scan_actions | frame_0543.png
[  60% ] _update_scan_actions | frame_0544.png
[  60% ] _update_scan_actions | frame_0545.png
[  60% ] _update_scan_actions | frame_0546.png
[  60% ] _update_scan_actions | frame_0547.png
[  61% ] _update_scan_actions | frame_0548.png
[  61% ] _update_scan_actions | frame_0549.png
[  61% ] _update_scan_actions | frame_0550.png
[  61% ] _update_scan_actions | frame_0551.png
[  61% ] _update_scan_actions | frame_0552.png
[  61% ] _update_scan_actions | frame_0553.png
[  61% ] _update_scan_actions | frame_0554.png
[  61% ] _update_scan_actions | frame_0555.png
[  61% ] _update_scan_actions | frame_0556.png
[  62% ] _update_scan_actions | frame_0557.png
[  62% ] _update_scan_actions | frame_0558.png
[  62% ] _update_scan_actions | frame_0559.png
[  62% ] _update_scan_actions | frame_0560.png
[  62% ] _update_scan_actions | frame_0561.png
[  62% ] _update_scan_actions | frame_0562.png
[  62% ] _update_scan_actions | frame_0563.png
[  62% ] _update_scan_actions | frame_0564.png
[  62% ] _update_scan_actions | frame_0565.png
[  63% ] _update_scan_actions | frame_0566.png
[  63% ] _update_scan_actions | frame_0567.png
[  63% ] _update_scan_actions | frame_0568.png
[  63% ] _update_scan_actions | frame_0569.png
[  63% ] _update_scan_actions | frame_0570.png
[  63% ] _update_scan_actions | frame_0571.png
[  63% ] _update_scan_actions | frame_0572.png
[  63% ] _update_scan_actions | frame_0573.png
[  63% ] _update_scan_actions | frame_0574.png
[  63% ] _update_scan_actions | frame_0575.png
[  64% ] _update_scan_actions | frame_0576.png
[  64% ] _update_scan_actions | frame_0577.png
[  64% ] _update_scan_actions | frame_0578.png
[  64% ] _update_scan_actions | frame_0579.png
[  64% ] _update_scan_actions | frame_0580.png
[  64% ] _update_scan_actions | frame_0581.png
[  64% ] _update_scan_actions | frame_0582.png
[  64% ] _update_scan_actions | frame_0583.png
[  64% ] _update_scan_actions | frame_0584.png
[  65% ] _update_scan_actions | frame_0585.png
[  65% ] _update_scan_actions | frame_0586.png
[  65% ] _update_scan_actions | frame_0587.png
[  65% ] _update_scan_actions | frame_0588.png
[  65% ] _update_scan_actions | frame_0589.png
[  65% ] _update_scan_actions | frame_0590.png
[  65% ] _update_scan_actions | frame_0591.png
[  65% ] _update_scan_actions | frame_0592.png
[  65% ] _update_scan_actions | frame_0593.png
[  66% ] _update_scan_actions | frame_0594.png
[  66% ] _update_scan_actions | frame_0595.png
[  66% ] _update_scan_actions | frame_0596.png
[  66% ] _update_scan_actions | frame_0597.png
[  66% ] _update_scan_actions | frame_0598.png
[  66% ] _update_scan_actions | frame_0599.png
[  66% ] _update_scan_actions | frame_0600.png
[  66% ] _update_scan_actions | frame_0601.png
[  66% ] _update_scan_actions | frame_0602.png
[  67% ] _update_scan_actions | frame_0603.png
[  67% ] _update_scan_actions | frame_0604.png
[  67% ] _update_scan_actions | frame_0605.png
[  67% ] _update_scan_actions | frame_0606.png
[  67% ] _update_scan_actions | frame_0607.png
[  67% ] _update_scan_actions | frame_0608.png
[  67% ] _update_scan_actions | frame_0609.png
[  67% ] _update_scan_actions | frame_0610.png
[  67% ] _update_scan_actions | frame_0611.png
[  68% ] _update_scan_actions | frame_0612.png
[  68% ] _update_scan_actions | frame_0613.png
[  68% ] _update_scan_actions | frame_0614.png
[  68% ] _update_scan_actions | frame_0615.png
[  68% ] _update_scan_actions | frame_0616.png
[  68% ] _update_scan_actions | frame_0617.png
[  68% ] _update_scan_actions | frame_0618.png
[  68% ] _update_scan_actions | frame_0619.png
[  68% ] _update_scan_actions | frame_0620.png
[  68% ] _update_scan_actions | frame_0621.png
[  69% ] _update_scan_actions | frame_0622.png
[  69% ] _update_scan_actions | frame_0623.png
[  69% ] _update_scan_actions | frame_0624.png
[  69% ] _update_scan_actions | frame_0625.png
[  69% ] _update_scan_actions | frame_0626.png
[  69% ] _update_scan_actions | frame_0627.png
[  69% ] _update_scan_actions | frame_0628.png
[  69% ] _update_scan_actions | frame_0629.png
[  69% ] _update_scan_actions | frame_0630.png
[  70% ] _update_scan_actions | frame_0631.png
[  70% ] _update_scan_actions | frame_0632.png
[  70% ] _update_scan_actions | frame_0633.png
[  70% ] _update_scan_actions | frame_0634.png
[  70% ] _update_scan_actions | frame_0635.png
[  70% ] _update_scan_actions | frame_0636.png
[  70% ] _update_scan_actions | frame_0637.png
[  70% ] _update_scan_actions | frame_0638.png
[  70% ] _update_scan_actions | frame_0639.png
[  71% ] _update_scan_actions | frame_0640.png
[  71% ] _update_scan_actions | frame_0641.png
[  71% ] _update_scan_actions | frame_0642.png
[  71% ] _update_scan_actions | frame_0643.png
[  71% ] _update_scan_actions | frame_0644.png
[  71% ] _update_scan_actions | frame_0645.png
[  71% ] _update_scan_actions | frame_0646.png
[  71% ] _update_scan_actions | frame_0647.png
[  71% ] _update_scan_actions | frame_0648.png
[  72% ] _update_scan_actions | frame_0649.png
[  72% ] _update_scan_actions | frame_0650.png
[  72% ] _update_scan_actions | frame_0651.png
[  72% ] _update_scan_actions | frame_0652.png
[  72% ] _update_scan_actions | frame_0653.png
[  72% ] _update_scan_actions | frame_0654.png
[  72% ] _update_scan_actions | frame_0655.png
[  72% ] _update_scan_actions | frame_0656.png
[  72% ] _update_scan_actions | frame_0657.png
[  73% ] _update_scan_actions | frame_0658.png
[  73% ] _update_scan_actions | frame_0659.png
[  73% ] _update_scan_actions | frame_0660.png
[  73% ] _update_scan_actions | frame_0661.png
[  73% ] _update_scan_actions | frame_0662.png
[  73% ] _update_scan_actions | frame_0663.png
[  73% ] _update_scan_actions | frame_0664.png
[  73% ] _update_scan_actions | frame_0665.png
[  73% ] _update_scan_actions | frame_0666.png
[  73% ] _update_scan_actions | frame_0667.png
[  74% ] _update_scan_actions | frame_0668.png
[  74% ] _update_scan_actions | frame_0669.png
[  74% ] _update_scan_actions | frame_0670.png
[  74% ] _update_scan_actions | frame_0671.png
[  74% ] _update_scan_actions | frame_0672.png
[  74% ] _update_scan_actions | frame_0673.png
[  74% ] _update_scan_actions | frame_0674.png
[  74% ] _update_scan_actions | frame_0675.png
[  74% ] _update_scan_actions | frame_0676.png
[  75% ] _update_scan_actions | frame_0677.png
[  75% ] _update_scan_actions | frame_0678.png
[  75% ] _update_scan_actions | frame_0679.png
[  75% ] _update_scan_actions | frame_0680.png
[  75% ] _update_scan_actions | frame_0681.png
[  75% ] _update_scan_actions | frame_0682.png
[  75% ] _update_scan_actions | frame_0683.png
[  75% ] _update_scan_actions | frame_0684.png
[  75% ] _update_scan_actions | frame_0685.png
[  76% ] _update_scan_actions | frame_0686.png
[  76% ] _update_scan_actions | frame_0687.png
[  76% ] _update_scan_actions | frame_0688.png
[  76% ] _update_scan_actions | frame_0689.png
[  76% ] _update_scan_actions | frame_0690.png
[  76% ] _update_scan_actions | frame_0691.png
[  76% ] _update_scan_actions | frame_0692.png
[  76% ] _update_scan_actions | frame_0693.png
[  76% ] _update_scan_actions | frame_0694.png
[  77% ] _update_scan_actions | frame_0695.png
[  77% ] _update_scan_actions | frame_0696.png
[  77% ] _update_scan_actions | frame_0697.png
[  77% ] _update_scan_actions | frame_0698.png
[  77% ] _update_scan_actions | frame_0699.png
[  77% ] _update_scan_actions | frame_0700.png
[  77% ] _update_scan_actions | frame_0701.png
[  77% ] _update_scan_actions | frame_0702.png
[  77% ] _update_scan_actions | frame_0703.png
[  78% ] _update_scan_actions | frame_0704.png
[  78% ] _update_scan_actions | frame_0705.png
[  78% ] _update_scan_actions | frame_0706.png
[  78% ] _update_scan_actions | frame_0707.png
[  78% ] _update_scan_actions | frame_0708.png
[  78% ] _update_scan_actions | frame_0709.png
[  78% ] _update_scan_actions | frame_0710.png
[  78% ] _update_scan_actions | frame_0711.png
[  78% ] _update_scan_actions | frame_0712.png
[  78% ] _update_scan_actions | frame_0713.png
[  79% ] _update_scan_actions | frame_0714.png
[  79% ] _update_scan_actions | frame_0715.png
[  79% ] _update_scan_actions | frame_0716.png
[  79% ] _update_scan_actions | frame_0717.png
[  79% ] _update_scan_actions | frame_0718.png
[  79% ] _update_scan_actions | frame_0719.png
[  79% ] _update_scan_actions | frame_0720.png
[  79% ] _update_scan_actions | frame_0721.png
[  79% ] _update_scan_actions | frame_0722.png
[  80% ] _update_scan_actions | frame_0723.png
[  80% ] _update_scan_actions | frame_0724.png
[  80% ] _update_scan_actions | frame_0725.png
[  80% ] _update_scan_actions | frame_0726.png
[  80% ] _update_scan_actions | frame_0727.png
[  80% ] _update_scan_actions | frame_0728.png
[  80% ] _update_scan_actions | frame_0729.png
[  80% ] _update_scan_actions | frame_0730.png
[  80% ] _update_scan_actions | frame_0731.png
[  81% ] _update_scan_actions | frame_0732.png
[  81% ] _update_scan_actions | frame_0733.png
[  81% ] _update_scan_actions | frame_0734.png
[  81% ] _update_scan_actions | frame_0735.png
[  81% ] _update_scan_actions | frame_0736.png
[  81% ] _update_scan_actions | frame_0737.png
[  81% ] _update_scan_actions | frame_0738.png
[  81% ] _update_scan_actions | frame_0739.png
[  81% ] _update_scan_actions | frame_0740.png
[  82% ] _update_scan_actions | frame_0741.png
[  82% ] _update_scan_actions | frame_0742.png
[  82% ] _update_scan_actions | frame_0743.png
[  82% ] _update_scan_actions | frame_0744.png
[  82% ] _update_scan_actions | frame_0745.png
[  82% ] _update_scan_actions | frame_0746.png
[  82% ] _update_scan_actions | frame_0747.png
[  82% ] _update_scan_actions | frame_0748.png
[  82% ] _update_scan_actions | frame_0749.png
[  83% ] _update_scan_actions | frame_0750.png
[  83% ] _update_scan_actions | frame_0751.png
[  83% ] _update_scan_actions | frame_0752.png
[  83% ] _update_scan_actions | frame_0753.png
[  83% ] _update_scan_actions | frame_0754.png
[  83% ] _update_scan_actions | frame_0755.png
[  83% ] _update_scan_actions | frame_0756.png
[  83% ] _update_scan_actions | frame_0757.png
[  83% ] _update_scan_actions | frame_0758.png
[  84% ] _update_scan_actions | frame_0759.png
[  84% ] _update_scan_actions | frame_0760.png
[  84% ] _update_scan_actions | frame_0761.png
[  84% ] _update_scan_actions | frame_0762.png
[  84% ] _update_scan_actions | frame_0763.png
[  84% ] _update_scan_actions | frame_0764.png
[  84% ] _update_scan_actions | frame_0765.png
[  84% ] _update_scan_actions | frame_0766.png
[  84% ] _update_scan_actions | frame_0767.png
[  84% ] _update_scan_actions | frame_0768.png
[  85% ] _update_scan_actions | frame_0769.png
[  85% ] _update_scan_actions | frame_0770.png
[  85% ] _update_scan_actions | frame_0771.png
[  85% ] _update_scan_actions | frame_0772.png
[  85% ] _update_scan_actions | frame_0773.png
[  85% ] _update_scan_actions | frame_0774.png
[  85% ] _update_scan_actions | frame_0775.png
[  85% ] _update_scan_actions | frame_0776.png
[  85% ] _update_scan_actions | frame_0777.png
[  86% ] _update_scan_actions | frame_0778.png
[  86% ] _update_scan_actions | frame_0779.png
[  86% ] _update_scan_actions | frame_0780.png
[  86% ] _update_scan_actions | frame_0781.png
[  86% ] _update_scan_actions | frame_0782.png
[  86% ] _update_scan_actions | frame_0783.png
[  86% ] _update_scan_actions | frame_0784.png
[  86% ] _update_scan_actions | frame_0785.png
[  86% ] _update_scan_actions | frame_0786.png
[  87% ] _update_scan_actions | frame_0787.png
[  87% ] _update_scan_actions | frame_0788.png
[  87% ] _update_scan_actions | frame_0789.png
[  87% ] _update_scan_actions | frame_0790.png
[  87% ] _update_scan_actions | frame_0791.png
[  87% ] _update_scan_actions | frame_0792.png
[  87% ] _update_scan_actions | frame_0793.png
[  87% ] _update_scan_actions | frame_0794.png
[  87% ] _update_scan_actions | frame_0795.png
[  88% ] _update_scan_actions | frame_0796.png
[  88% ] _update_scan_actions | frame_0797.png
[  88% ] _update_scan_actions | frame_0798.png
[  88% ] _update_scan_actions | frame_0799.png
[  88% ] _update_scan_actions | frame_0800.png
[  88% ] _update_scan_actions | frame_0801.png
[  88% ] _update_scan_actions | frame_0802.png
[  88% ] _update_scan_actions | frame_0803.png
[  88% ] _update_scan_actions | frame_0804.png
[  89% ] _update_scan_actions | frame_0805.png
[  89% ] _update_scan_actions | frame_0806.png
[  89% ] _update_scan_actions | frame_0807.png
[  89% ] _update_scan_actions | frame_0808.png
[  89% ] _update_scan_actions | frame_0809.png
[  89% ] _update_scan_actions | frame_0810.png
[  89% ] _update_scan_actions | frame_0811.png
[  89% ] _update_scan_actions | frame_0812.png
[  89% ] _update_scan_actions | frame_0813.png
[  89% ] _update_scan_actions | frame_0814.png
[  90% ] _update_scan_actions | frame_0815.png
[  90% ] _update_scan_actions | frame_0816.png
[  90% ] _update_scan_actions | frame_0817.png
[  90% ] _update_scan_actions | frame_0818.png
[  90% ] _update_scan_actions | frame_0819.png
[  90% ] _update_scan_actions | frame_0820.png
[  90% ] _update_scan_actions | frame_0821.png
[  90% ] _update_scan_actions | frame_0822.png
[  90% ] _update_scan_actions | frame_0823.png
[  91% ] _update_scan_actions | frame_0824.png
[  91% ] _update_scan_actions | frame_0825.png
[  91% ] _update_scan_actions | frame_0826.png
[  91% ] _update_scan_actions | frame_0827.png
[  91% ] _update_scan_actions | frame_0828.png
[  91% ] _update_scan_actions | frame_0829.png
[  91% ] _update_scan_actions | frame_0830.png
[  91% ] _update_scan_actions | frame_0831.png
[  91% ] _update_scan_actions | frame_0832.png
[  92% ] _update_scan_actions | frame_0833.png
[  92% ] _update_scan_actions | frame_0834.png
[  92% ] _update_scan_actions | frame_0835.png
[  92% ] _update_scan_actions | frame_0836.png
[  92% ] _update_scan_actions | frame_0837.png
[  92% ] _update_scan_actions | frame_0838.png
[  92% ] _update_scan_actions | frame_0839.png
[  92% ] _update_scan_actions | frame_0840.png
[  92% ] _update_scan_actions | frame_0841.png
[  93% ] _update_scan_actions | frame_0842.png
[  93% ] _update_scan_actions | frame_0843.png
[  93% ] _update_scan_actions | frame_0844.png
[  93% ] _update_scan_actions | frame_0845.png
[  93% ] _update_scan_actions | frame_0846.png
[  93% ] _update_scan_actions | frame_0847.png
[  93% ] _update_scan_actions | frame_0848.png
[  93% ] _update_scan_actions | frame_0849.png
[  93% ] _update_scan_actions | frame_0850.png
[  94% ] _update_scan_actions | frame_0851.png
[  94% ] _update_scan_actions | frame_0852.png
[  94% ] _update_scan_actions | frame_0853.png
[  94% ] _update_scan_actions | frame_0854.png
[  94% ] _update_scan_actions | frame_0855.png
[  94% ] _update_scan_actions | frame_0856.png
[  94% ] _update_scan_actions | frame_0857.png
[  94% ] _update_scan_actions | frame_0858.png
[  94% ] _update_scan_actions | frame_0859.png
[  94% ] _update_scan_actions | frame_0860.png
[  95% ] _update_scan_actions | frame_0861.png
[  95% ] _update_scan_actions | frame_0862.png
[  95% ] _update_scan_actions | frame_0863.png
[  95% ] _update_scan_actions | frame_0864.png
[  95% ] _update_scan_actions | frame_0865.png
[  95% ] _update_scan_actions | frame_0866.png
[  95% ] _update_scan_actions | frame_0867.png
[  95% ] _update_scan_actions | frame_0868.png
[  95% ] _update_scan_actions | frame_0869.png
[  96% ] _update_scan_actions | frame_0870.png
[  96% ] _update_scan_actions | frame_0871.png
[  96% ] _update_scan_actions | frame_0872.png
[  96% ] _update_scan_actions | frame_0873.png
[  96% ] _update_scan_actions | frame_0874.png
[  96% ] _update_scan_actions | frame_0875.png
[  96% ] _update_scan_actions | frame_0876.png
[  96% ] _update_scan_actions | frame_0877.png
[  96% ] _update_scan_actions | frame_0878.png
[  97% ] _update_scan_actions | frame_0879.png
[  97% ] _update_scan_actions | frame_0880.png
[  97% ] _update_scan_actions | frame_0881.png
[  97% ] _update_scan_actions | frame_0882.png
[  97% ] _update_scan_actions | frame_0883.png
[  97% ] _update_scan_actions | frame_0884.png
[  97% ] _update_scan_actions | frame_0885.png
[  97% ] _update_scan_actions | frame_0886.png
[  97% ] _update_scan_actions | frame_0887.png
[  98% ] _update_scan_actions | frame_0888.png
[  98% ] _update_scan_actions | frame_0889.png
[  98% ] _update_scan_actions | frame_0890.png
[  98% ] _update_scan_actions | frame_0891.png
[  98% ] _update_scan_actions | frame_0892.png
[  98% ] _update_scan_actions | frame_0893.png
[  98% ] _update_scan_actions | frame_0894.png
[  98% ] _update_scan_actions | frame_0895.png
[  98% ] _update_scan_actions | frame_0896.png
[  99% ] _update_scan_actions | frame_0897.png
[  99% ] _update_scan_actions | frame_0898.png
[  99% ] _update_scan_actions | frame_0899.png
[  99% ] _update_scan_actions | chogan-device-after-start.png
[  99% ] _update_scan_actions | chogan-device-flow-2.png
[  99% ] _update_scan_actions | chogan-device-flow-3.png
[  99% ] _update_scan_actions | chogan-device-flow-4.png
[  99% ] _update_scan_actions | chogan-device-main.png
[ DONE ] _update_scan_actions

[   0% ] reimport | Started (Re)Importing Assets (908 steps)
[   0% ] reimport | Preparing files to reimport...
[   0% ] reimport | Preparing files to reimport...
[   0% ] reimport | Preparing files to reimport...
[   0% ] reimport | Preparing files to reimport...
[   0% ] reimport | Preparing files to reimport...
[   0% ] reimport | Preparing files to reimport...
[   0% ] reimport | Preparing files to reimport...
[   0% ] reimport | Preparing files to reimport...
[   0% ] reimport | Preparing files to reimport...
[   0% ] reimport | Preparing files to reimport...
[   1% ] reimport | Preparing files to reimport...
[   1% ] reimport | Preparing files to reimport...
[   1% ] reimport | Preparing files to reimport...
[   1% ] reimport | Preparing files to reimport...
[   1% ] reimport | Preparing files to reimport...
[   1% ] reimport | Preparing files to reimport...
[   1% ] reimport | Preparing files to reimport...
[   1% ] reimport | Preparing files to reimport...
[   1% ] reimport | Preparing files to reimport...
[   2% ] reimport | Preparing files to reimport...
[   2% ] reimport | Preparing files to reimport...
[   2% ] reimport | Preparing files to reimport...
[   2% ] reimport | Preparing files to reimport...
[   2% ] reimport | Preparing files to reimport...
[   2% ] reimport | Preparing files to reimport...
[   2% ] reimport | Preparing files to reimport...
[   2% ] reimport | Preparing files to reimport...
[   2% ] reimport | Preparing files to reimport...
[   3% ] reimport | Preparing files to reimport...
[   3% ] reimport | Preparing files to reimport...
[   3% ] reimport | Preparing files to reimport...
[   3% ] reimport | Preparing files to reimport...
[   3% ] reimport | Preparing files to reimport...
[   3% ] reimport | Preparing files to reimport...
[   3% ] reimport | Preparing files to reimport...
[   3% ] reimport | Preparing files to reimport...
[   3% ] reimport | Preparing files to reimport...
[   4% ] reimport | Preparing files to reimport...
[   4% ] reimport | Preparing files to reimport...
[   4% ] reimport | Preparing files to reimport...
[   4% ] reimport | Preparing files to reimport...
[   4% ] reimport | Preparing files to reimport...
[   4% ] reimport | Preparing files to reimport...
[   4% ] reimport | Preparing files to reimport...
[   4% ] reimport | Preparing files to reimport...
[   4% ] reimport | Preparing files to reimport...
[   5% ] reimport | Preparing files to reimport...
[   5% ] reimport | Preparing files to reimport...
[   5% ] reimport | Preparing files to reimport...
[   5% ] reimport | Preparing files to reimport...
[   5% ] reimport | Preparing files to reimport...
[   5% ] reimport | Preparing files to reimport...
[   5% ] reimport | Preparing files to reimport...
[   5% ] reimport | Preparing files to reimport...
[   5% ] reimport | Preparing files to reimport...
[   6% ] reimport | Preparing files to reimport...
[   6% ] reimport | Preparing files to reimport...
[   6% ] reimport | Preparing files to reimport...
[   6% ] reimport | Preparing files to reimport...
[   6% ] reimport | Preparing files to reimport...
[   6% ] reimport | Preparing files to reimport...
[   6% ] reimport | Preparing files to reimport...
[   6% ] reimport | Preparing files to reimport...
[   6% ] reimport | Preparing files to reimport...
[   7% ] reimport | Preparing files to reimport...
[   7% ] reimport | Preparing files to reimport...
[   7% ] reimport | Preparing files to reimport...
[   7% ] reimport | Preparing files to reimport...
[   7% ] reimport | Preparing files to reimport...
[   7% ] reimport | Preparing files to reimport...
[   7% ] reimport | Preparing files to reimport...
[   7% ] reimport | Preparing files to reimport...
[   7% ] reimport | Preparing files to reimport...
[   8% ] reimport | Preparing files to reimport...
[   8% ] reimport | Preparing files to reimport...
[   8% ] reimport | Preparing files to reimport...
[   8% ] reimport | Preparing files to reimport...
[   8% ] reimport | Preparing files to reimport...
[   8% ] reimport | Preparing files to reimport...
[   8% ] reimport | Preparing files to reimport...
[   8% ] reimport | Preparing files to reimport...
[   8% ] reimport | Preparing files to reimport...
[   9% ] reimport | Preparing files to reimport...
[   9% ] reimport | Preparing files to reimport...
[   9% ] reimport | Preparing files to reimport...
[   9% ] reimport | Preparing files to reimport...
[   9% ] reimport | Preparing files to reimport...
[   9% ] reimport | Preparing files to reimport...
[   9% ] reimport | Preparing files to reimport...
[   9% ] reimport | Preparing files to reimport...
[   9% ] reimport | Preparing files to reimport...
[  10% ] reimport | Preparing files to reimport...
[  10% ] reimport | Preparing files to reimport...
[  10% ] reimport | Preparing files to reimport...
[  10% ] reimport | Preparing files to reimport...
[  10% ] reimport | Preparing files to reimport...
[  10% ] reimport | Preparing files to reimport...
[  10% ] reimport | Preparing files to reimport...
[  10% ] reimport | Preparing files to reimport...
[  10% ] reimport | Preparing files to reimport...
[  11% ] reimport | Preparing files to reimport...
[  11% ] reimport | Preparing files to reimport...
[  11% ] reimport | Preparing files to reimport...
[  11% ] reimport | Preparing files to reimport...
[  11% ] reimport | Preparing files to reimport...
[  11% ] reimport | Preparing files to reimport...
[  11% ] reimport | Preparing files to reimport...
[  11% ] reimport | Preparing files to reimport...
[  11% ] reimport | Preparing files to reimport...
[  11% ] reimport | Preparing files to reimport...
[  12% ] reimport | Preparing files to reimport...
[  12% ] reimport | Preparing files to reimport...
[  12% ] reimport | Preparing files to reimport...
[  12% ] reimport | Preparing files to reimport...
[  12% ] reimport | Preparing files to reimport...
[  12% ] reimport | Preparing files to reimport...
[  12% ] reimport | Preparing files to reimport...
[  12% ] reimport | Preparing files to reimport...
[  12% ] reimport | Preparing files to reimport...
[  13% ] reimport | Preparing files to reimport...
[  13% ] reimport | Preparing files to reimport...
[  13% ] reimport | Preparing files to reimport...
[  13% ] reimport | Preparing files to reimport...
[  13% ] reimport | Preparing files to reimport...
[  13% ] reimport | Preparing files to reimport...
[  13% ] reimport | Preparing files to reimport...
[  13% ] reimport | Preparing files to reimport...
[  13% ] reimport | Preparing files to reimport...
[  14% ] reimport | Preparing files to reimport...
[  14% ] reimport | Preparing files to reimport...
[  14% ] reimport | Preparing files to reimport...
[  14% ] reimport | Preparing files to reimport...
[  14% ] reimport | Preparing files to reimport...
[  14% ] reimport | Preparing files to reimport...
[  14% ] reimport | Preparing files to reimport...
[  14% ] reimport | Preparing files to reimport...
[  14% ] reimport | Preparing files to reimport...
[  15% ] reimport | Preparing files to reimport...
[  15% ] reimport | Preparing files to reimport...
[  15% ] reimport | Preparing files to reimport...
[  15% ] reimport | Preparing files to reimport...
[  15% ] reimport | Preparing files to reimport...
[  15% ] reimport | Preparing files to reimport...
[  15% ] reimport | Preparing files to reimport...
[  15% ] reimport | Preparing files to reimport...
[  15% ] reimport | Preparing files to reimport...
[  16% ] reimport | Preparing files to reimport...
[  16% ] reimport | Preparing files to reimport...
[  16% ] reimport | Preparing files to reimport...
[  16% ] reimport | Preparing files to reimport...
[  16% ] reimport | Preparing files to reimport...
[  16% ] reimport | Preparing files to reimport...
[  16% ] reimport | Preparing files to reimport...
[  16% ] reimport | Preparing files to reimport...
[  16% ] reimport | Preparing files to reimport...
[  17% ] reimport | Preparing files to reimport...
[  17% ] reimport | Preparing files to reimport...
[  17% ] reimport | Preparing files to reimport...
[  17% ] reimport | Preparing files to reimport...
[  17% ] reimport | Preparing files to reimport...
[  17% ] reimport | Preparing files to reimport...
[  17% ] reimport | Preparing files to reimport...
[  17% ] reimport | Preparing files to reimport...
[  17% ] reimport | Preparing files to reimport...
[  18% ] reimport | Preparing files to reimport...
[  18% ] reimport | Preparing files to reimport...
[  18% ] reimport | Preparing files to reimport...
[  18% ] reimport | Preparing files to reimport...
[  18% ] reimport | Preparing files to reimport...
[  18% ] reimport | Preparing files to reimport...
[  18% ] reimport | Preparing files to reimport...
[  18% ] reimport | Preparing files to reimport...
[  18% ] reimport | Preparing files to reimport...
[  19% ] reimport | Preparing files to reimport...
[  19% ] reimport | Preparing files to reimport...
[  19% ] reimport | Preparing files to reimport...
[  19% ] reimport | Preparing files to reimport...
[  19% ] reimport | Preparing files to reimport...
[  19% ] reimport | Preparing files to reimport...
[  19% ] reimport | Preparing files to reimport...
[  19% ] reimport | Preparing files to reimport...
[  19% ] reimport | Preparing files to reimport...
[  20% ] reimport | Preparing files to reimport...
[  20% ] reimport | Preparing files to reimport...
[  20% ] reimport | Preparing files to reimport...
[  20% ] reimport | Preparing files to reimport...
[  20% ] reimport | Preparing files to reimport...
[  20% ] reimport | Preparing files to reimport...
[  20% ] reimport | Preparing files to reimport...
[  20% ] reimport | Preparing files to reimport...
[  20% ] reimport | Preparing files to reimport...
[  21% ] reimport | Preparing files to reimport...
[  21% ] reimport | Preparing files to reimport...
[  21% ] reimport | Preparing files to reimport...
[  21% ] reimport | Preparing files to reimport...
[  21% ] reimport | Preparing files to reimport...
[  21% ] reimport | Preparing files to reimport...
[  21% ] reimport | Preparing files to reimport...
[  21% ] reimport | Preparing files to reimport...
[  21% ] reimport | Preparing files to reimport...
[  22% ] reimport | Preparing files to reimport...
[  22% ] reimport | Preparing files to reimport...
[  22% ] reimport | Preparing files to reimport...
[  22% ] reimport | Preparing files to reimport...
[  22% ] reimport | Preparing files to reimport...
[  22% ] reimport | Preparing files to reimport...
[  22% ] reimport | Preparing files to reimport...
[  22% ] reimport | Preparing files to reimport...
[  22% ] reimport | Preparing files to reimport...
[  22% ] reimport | Preparing files to reimport...
[  23% ] reimport | Preparing files to reimport...
[  23% ] reimport | Preparing files to reimport...
[  23% ] reimport | Preparing files to reimport...
[  23% ] reimport | Preparing files to reimport...
[  23% ] reimport | Preparing files to reimport...
[  23% ] reimport | Preparing files to reimport...
[  23% ] reimport | Preparing files to reimport...
[  23% ] reimport | Preparing files to reimport...
[  23% ] reimport | Preparing files to reimport...
[  24% ] reimport | Preparing files to reimport...
[  24% ] reimport | Preparing files to reimport...
[  24% ] reimport | Preparing files to reimport...
[  24% ] reimport | Preparing files to reimport...
[  24% ] reimport | Preparing files to reimport...
[  24% ] reimport | Preparing files to reimport...
[  24% ] reimport | Preparing files to reimport...
[  24% ] reimport | Preparing files to reimport...
[  24% ] reimport | Preparing files to reimport...
[  25% ] reimport | Preparing files to reimport...
[  25% ] reimport | Preparing files to reimport...
[  25% ] reimport | Preparing files to reimport...
[  25% ] reimport | Preparing files to reimport...
[  25% ] reimport | Preparing files to reimport...
[  25% ] reimport | Preparing files to reimport...
[  25% ] reimport | Preparing files to reimport...
[  25% ] reimport | Preparing files to reimport...
[  25% ] reimport | Preparing files to reimport...
[  26% ] reimport | Preparing files to reimport...
[  26% ] reimport | Preparing files to reimport...
[  26% ] reimport | Preparing files to reimport...
[  26% ] reimport | Preparing files to reimport...
[  26% ] reimport | Preparing files to reimport...
[  26% ] reimport | Preparing files to reimport...
[  26% ] reimport | Preparing files to reimport...
[  26% ] reimport | Preparing files to reimport...
[  26% ] reimport | Preparing files to reimport...
[  27% ] reimport | Preparing files to reimport...
[  27% ] reimport | Preparing files to reimport...
[  27% ] reimport | Preparing files to reimport...
[  27% ] reimport | Preparing files to reimport...
[  27% ] reimport | Preparing files to reimport...
[  27% ] reimport | Preparing files to reimport...
[  27% ] reimport | Preparing files to reimport...
[  27% ] reimport | Preparing files to reimport...
[  27% ] reimport | Preparing files to reimport...
[  28% ] reimport | Preparing files to reimport...
[  28% ] reimport | Preparing files to reimport...
[  28% ] reimport | Preparing files to reimport...
[  28% ] reimport | Preparing files to reimport...
[  28% ] reimport | Preparing files to reimport...
[  28% ] reimport | Preparing files to reimport...
[  28% ] reimport | Preparing files to reimport...
[  28% ] reimport | Preparing files to reimport...
[  28% ] reimport | Preparing files to reimport...
[  29% ] reimport | Preparing files to reimport...
[  29% ] reimport | Preparing files to reimport...
[  29% ] reimport | Preparing files to reimport...
[  29% ] reimport | Preparing files to reimport...
[  29% ] reimport | Preparing files to reimport...
[  29% ] reimport | Preparing files to reimport...
[  29% ] reimport | Preparing files to reimport...
[  29% ] reimport | Preparing files to reimport...
[  29% ] reimport | Preparing files to reimport...
[  30% ] reimport | Preparing files to reimport...
[  30% ] reimport | Preparing files to reimport...
[  30% ] reimport | Preparing files to reimport...
[  30% ] reimport | Preparing files to reimport...
[  30% ] reimport | Preparing files to reimport...
[  30% ] reimport | Preparing files to reimport...
[  30% ] reimport | Preparing files to reimport...
[  30% ] reimport | Preparing files to reimport...
[  30% ] reimport | Preparing files to reimport...
[  31% ] reimport | Preparing files to reimport...
[  31% ] reimport | Preparing files to reimport...
[  31% ] reimport | Preparing files to reimport...
[  31% ] reimport | Preparing files to reimport...
[  31% ] reimport | Preparing files to reimport...
[  31% ] reimport | Preparing files to reimport...
[  31% ] reimport | Preparing files to reimport...
[  31% ] reimport | Preparing files to reimport...
[  31% ] reimport | Preparing files to reimport...
[  32% ] reimport | Preparing files to reimport...
[  32% ] reimport | Preparing files to reimport...
[  32% ] reimport | Preparing files to reimport...
[  32% ] reimport | Preparing files to reimport...
[  32% ] reimport | Preparing files to reimport...
[  32% ] reimport | Preparing files to reimport...
[  32% ] reimport | Preparing files to reimport...
[  32% ] reimport | Preparing files to reimport...
[  32% ] reimport | Preparing files to reimport...
[  33% ] reimport | Preparing files to reimport...
[  33% ] reimport | Preparing files to reimport...
[  33% ] reimport | Preparing files to reimport...
[  33% ] reimport | Preparing files to reimport...
[  33% ] reimport | Preparing files to reimport...
[  33% ] reimport | Preparing files to reimport...
[  33% ] reimport | Preparing files to reimport...
[  33% ] reimport | Preparing files to reimport...
[  33% ] reimport | Preparing files to reimport...
[  33% ] reimport | Preparing files to reimport...
[  34% ] reimport | Preparing files to reimport...
[  34% ] reimport | Preparing files to reimport...
[  34% ] reimport | Preparing files to reimport...
[  34% ] reimport | Preparing files to reimport...
[  34% ] reimport | Preparing files to reimport...
[  34% ] reimport | Preparing files to reimport...
[  34% ] reimport | Preparing files to reimport...
[  34% ] reimport | Preparing files to reimport...
[  34% ] reimport | Preparing files to reimport...
[  35% ] reimport | Preparing files to reimport...
[  35% ] reimport | Preparing files to reimport...
[  35% ] reimport | Preparing files to reimport...
[  35% ] reimport | Preparing files to reimport...
[  35% ] reimport | Preparing files to reimport...
[  35% ] reimport | Preparing files to reimport...
[  35% ] reimport | Preparing files to reimport...
[  35% ] reimport | Preparing files to reimport...
[  35% ] reimport | Preparing files to reimport...
[  36% ] reimport | Preparing files to reimport...
[  36% ] reimport | Preparing files to reimport...
[  36% ] reimport | Preparing files to reimport...
[  36% ] reimport | Preparing files to reimport...
[  36% ] reimport | Preparing files to reimport...
[  36% ] reimport | Preparing files to reimport...
[  36% ] reimport | Preparing files to reimport...
[  36% ] reimport | Preparing files to reimport...
[  36% ] reimport | Preparing files to reimport...
[  37% ] reimport | Preparing files to reimport...
[  37% ] reimport | Preparing files to reimport...
[  37% ] reimport | Preparing files to reimport...
[  37% ] reimport | Preparing files to reimport...
[  37% ] reimport | Preparing files to reimport...
[  37% ] reimport | Preparing files to reimport...
[  37% ] reimport | Preparing files to reimport...
[  37% ] reimport | Preparing files to reimport...
[  37% ] reimport | Preparing files to reimport...
[  38% ] reimport | Preparing files to reimport...
[  38% ] reimport | Preparing files to reimport...
[  38% ] reimport | Preparing files to reimport...
[  38% ] reimport | Preparing files to reimport...
[  38% ] reimport | Preparing files to reimport...
[  38% ] reimport | Preparing files to reimport...
[  38% ] reimport | Preparing files to reimport...
[  38% ] reimport | Preparing files to reimport...
[  38% ] reimport | Preparing files to reimport...
[  39% ] reimport | Preparing files to reimport...
[  39% ] reimport | Preparing files to reimport...
[  39% ] reimport | Preparing files to reimport...
[  39% ] reimport | Preparing files to reimport...
[  39% ] reimport | Preparing files to reimport...
[  39% ] reimport | Preparing files to reimport...
[  39% ] reimport | Preparing files to reimport...
[  39% ] reimport | Preparing files to reimport...
[  39% ] reimport | Preparing files to reimport...
[  40% ] reimport | Preparing files to reimport...
[  40% ] reimport | Preparing files to reimport...
[  40% ] reimport | Preparing files to reimport...
[  40% ] reimport | Preparing files to reimport...
[  40% ] reimport | Preparing files to reimport...
[  40% ] reimport | Preparing files to reimport...
[  40% ] reimport | Preparing files to reimport...
[  40% ] reimport | Preparing files to reimport...
[  40% ] reimport | Preparing files to reimport...
[  41% ] reimport | Preparing files to reimport...
[  41% ] reimport | Preparing files to reimport...
[  41% ] reimport | Preparing files to reimport...
[  41% ] reimport | Preparing files to reimport...
[  41% ] reimport | Preparing files to reimport...
[  41% ] reimport | Preparing files to reimport...
[  41% ] reimport | Preparing files to reimport...
[  41% ] reimport | Preparing files to reimport...
[  41% ] reimport | Preparing files to reimport...
[  42% ] reimport | Preparing files to reimport...
[  42% ] reimport | Preparing files to reimport...
[  42% ] reimport | Preparing files to reimport...
[  42% ] reimport | Preparing files to reimport...
[  42% ] reimport | Preparing files to reimport...
[  42% ] reimport | Preparing files to reimport...
[  42% ] reimport | Preparing files to reimport...
[  42% ] reimport | Preparing files to reimport...
[  42% ] reimport | Preparing files to reimport...
[  43% ] reimport | Preparing files to reimport...
[  43% ] reimport | Preparing files to reimport...
[  43% ] reimport | Preparing files to reimport...
[  43% ] reimport | Preparing files to reimport...
[  43% ] reimport | Preparing files to reimport...
[  43% ] reimport | Preparing files to reimport...
[  43% ] reimport | Preparing files to reimport...
[  43% ] reimport | Preparing files to reimport...
[  43% ] reimport | Preparing files to reimport...
[  44% ] reimport | Preparing files to reimport...
[  44% ] reimport | Preparing files to reimport...
[  44% ] reimport | Preparing files to reimport...
[  44% ] reimport | Preparing files to reimport...
[  44% ] reimport | Preparing files to reimport...
[  44% ] reimport | Preparing files to reimport...
[  44% ] reimport | Preparing files to reimport...
[  44% ] reimport | Preparing files to reimport...
[  44% ] reimport | Preparing files to reimport...
[  44% ] reimport | Preparing files to reimport...
[  45% ] reimport | Preparing files to reimport...
[  45% ] reimport | Preparing files to reimport...
[  45% ] reimport | Preparing files to reimport...
[  45% ] reimport | Preparing files to reimport...
[  45% ] reimport | Preparing files to reimport...
[  45% ] reimport | Preparing files to reimport...
[  45% ] reimport | Preparing files to reimport...
[  45% ] reimport | Preparing files to reimport...
[  45% ] reimport | Preparing files to reimport...
[  46% ] reimport | Preparing files to reimport...
[  46% ] reimport | Preparing files to reimport...
[  46% ] reimport | Preparing files to reimport...
[  46% ] reimport | Preparing files to reimport...
[  46% ] reimport | Preparing files to reimport...
[  46% ] reimport | Preparing files to reimport...
[  46% ] reimport | Preparing files to reimport...
[  46% ] reimport | Preparing files to reimport...
[  46% ] reimport | Preparing files to reimport...
[  47% ] reimport | Preparing files to reimport...
[  47% ] reimport | Preparing files to reimport...
[  47% ] reimport | Preparing files to reimport...
[  47% ] reimport | Preparing files to reimport...
[  47% ] reimport | Preparing files to reimport...
[  47% ] reimport | Preparing files to reimport...
[  47% ] reimport | Preparing files to reimport...
[  47% ] reimport | Preparing files to reimport...
[  47% ] reimport | Preparing files to reimport...
[  48% ] reimport | Preparing files to reimport...
[  48% ] reimport | Preparing files to reimport...
[  48% ] reimport | Preparing files to reimport...
[  48% ] reimport | Preparing files to reimport...
[  48% ] reimport | Preparing files to reimport...
[  48% ] reimport | Preparing files to reimport...
[  48% ] reimport | Preparing files to reimport...
[  48% ] reimport | Preparing files to reimport...
[  48% ] reimport | Preparing files to reimport...
[  49% ] reimport | Preparing files to reimport...
[  49% ] reimport | Preparing files to reimport...
[  49% ] reimport | Preparing files to reimport...
[  49% ] reimport | Preparing files to reimport...
[  49% ] reimport | Preparing files to reimport...
[  49% ] reimport | Preparing files to reimport...
[  49% ] reimport | Preparing files to reimport...
[  49% ] reimport | Preparing files to reimport...
[  49% ] reimport | Preparing files to reimport...
[  50% ] reimport | Preparing files to reimport...
[  50% ] reimport | Preparing files to reimport...
[  50% ] reimport | Preparing files to reimport...
[  50% ] reimport | Preparing files to reimport...
[  50% ] reimport | Preparing files to reimport...
[  50% ] reimport | Preparing files to reimport...
[  50% ] reimport | Preparing files to reimport...
[  50% ] reimport | Preparing files to reimport...
[  50% ] reimport | Preparing files to reimport...
[  51% ] reimport | Preparing files to reimport...
[  51% ] reimport | Preparing files to reimport...
[  51% ] reimport | Preparing files to reimport...
[  51% ] reimport | Preparing files to reimport...
[  51% ] reimport | Preparing files to reimport...
[  51% ] reimport | Preparing files to reimport...
[  51% ] reimport | Preparing files to reimport...
[  51% ] reimport | Preparing files to reimport...
[  51% ] reimport | Preparing files to reimport...
[  52% ] reimport | Preparing files to reimport...
[  52% ] reimport | Preparing files to reimport...
[  52% ] reimport | Preparing files to reimport...
[  52% ] reimport | Preparing files to reimport...
[  52% ] reimport | Preparing files to reimport...
[  52% ] reimport | Preparing files to reimport...
[  52% ] reimport | Preparing files to reimport...
[  52% ] reimport | Preparing files to reimport...
[  52% ] reimport | Preparing files to reimport...
[  53% ] reimport | Preparing files to reimport...
[  53% ] reimport | Preparing files to reimport...
[  53% ] reimport | Preparing files to reimport...
[  53% ] reimport | Preparing files to reimport...
[  53% ] reimport | Preparing files to reimport...
[  53% ] reimport | Preparing files to reimport...
[  53% ] reimport | Preparing files to reimport...
[  53% ] reimport | Preparing files to reimport...
[  53% ] reimport | Preparing files to reimport...
[  54% ] reimport | Preparing files to reimport...
[  54% ] reimport | Preparing files to reimport...
[  54% ] reimport | Preparing files to reimport...
[  54% ] reimport | Preparing files to reimport...
[  54% ] reimport | Preparing files to reimport...
[  54% ] reimport | Preparing files to reimport...
[  54% ] reimport | Preparing files to reimport...
[  54% ] reimport | Preparing files to reimport...
[  54% ] reimport | Preparing files to reimport...
[  55% ] reimport | Preparing files to reimport...
[  55% ] reimport | Preparing files to reimport...
[  55% ] reimport | Preparing files to reimport...
[  55% ] reimport | Preparing files to reimport...
[  55% ] reimport | Preparing files to reimport...
[  55% ] reimport | Preparing files to reimport...
[  55% ] reimport | Preparing files to reimport...
[  55% ] reimport | Preparing files to reimport...
[  55% ] reimport | Preparing files to reimport...
[  55% ] reimport | Preparing files to reimport...
[  56% ] reimport | Preparing files to reimport...
[  56% ] reimport | Preparing files to reimport...
[  56% ] reimport | Preparing files to reimport...
[  56% ] reimport | Preparing files to reimport...
[  56% ] reimport | Preparing files to reimport...
[  56% ] reimport | Preparing files to reimport...
[  56% ] reimport | Preparing files to reimport...
[  56% ] reimport | Preparing files to reimport...
[  56% ] reimport | Preparing files to reimport...
[  57% ] reimport | Preparing files to reimport...
[  57% ] reimport | Preparing files to reimport...
[  57% ] reimport | Preparing files to reimport...
[  57% ] reimport | Preparing files to reimport...
[  57% ] reimport | Preparing files to reimport...
[  57% ] reimport | Preparing files to reimport...
[  57% ] reimport | Preparing files to reimport...
[  57% ] reimport | Preparing files to reimport...
[  57% ] reimport | Preparing files to reimport...
[  58% ] reimport | Preparing files to reimport...
[  58% ] reimport | Preparing files to reimport...
[  58% ] reimport | Preparing files to reimport...
[  58% ] reimport | Preparing files to reimport...
[  58% ] reimport | Preparing files to reimport...
[  58% ] reimport | Preparing files to reimport...
[  58% ] reimport | Preparing files to reimport...
[  58% ] reimport | Preparing files to reimport...
[  58% ] reimport | Preparing files to reimport...
[  59% ] reimport | Preparing files to reimport...
[  59% ] reimport | Preparing files to reimport...
[  59% ] reimport | Preparing files to reimport...
[  59% ] reimport | Preparing files to reimport...
[  59% ] reimport | Preparing files to reimport...
[  59% ] reimport | Preparing files to reimport...
[  59% ] reimport | Preparing files to reimport...
[  59% ] reimport | Preparing files to reimport...
[  59% ] reimport | Preparing files to reimport...
[  60% ] reimport | Preparing files to reimport...
[  60% ] reimport | Preparing files to reimport...
[  60% ] reimport | Preparing files to reimport...
[  60% ] reimport | Preparing files to reimport...
[  60% ] reimport | Preparing files to reimport...
[  60% ] reimport | Preparing files to reimport...
[  60% ] reimport | Preparing files to reimport...
[  60% ] reimport | Preparing files to reimport...
[  60% ] reimport | Preparing files to reimport...
[  61% ] reimport | Preparing files to reimport...
[  61% ] reimport | Preparing files to reimport...
[  61% ] reimport | Preparing files to reimport...
[  61% ] reimport | Preparing files to reimport...
[  61% ] reimport | Preparing files to reimport...
[  61% ] reimport | Preparing files to reimport...
[  61% ] reimport | Preparing files to reimport...
[  61% ] reimport | Preparing files to reimport...
[  61% ] reimport | Preparing files to reimport...
[  62% ] reimport | Preparing files to reimport...
[  62% ] reimport | Preparing files to reimport...
[  62% ] reimport | Preparing files to reimport...
[  62% ] reimport | Preparing files to reimport...
[  62% ] reimport | Preparing files to reimport...
[  62% ] reimport | Preparing files to reimport...
[  62% ] reimport | Preparing files to reimport...
[  62% ] reimport | Preparing files to reimport...
[  62% ] reimport | Preparing files to reimport...
[  63% ] reimport | Preparing files to reimport...
[  63% ] reimport | Preparing files to reimport...
[  63% ] reimport | Preparing files to reimport...
[  63% ] reimport | Preparing files to reimport...
[  63% ] reimport | Preparing files to reimport...
[  63% ] reimport | Preparing files to reimport...
[  63% ] reimport | Preparing files to reimport...
[  63% ] reimport | Preparing files to reimport...
[  63% ] reimport | Preparing files to reimport...
[  64% ] reimport | Preparing files to reimport...
[  64% ] reimport | Preparing files to reimport...
[  64% ] reimport | Preparing files to reimport...
[  64% ] reimport | Preparing files to reimport...
[  64% ] reimport | Preparing files to reimport...
[  64% ] reimport | Preparing files to reimport...
[  64% ] reimport | Preparing files to reimport...
[  64% ] reimport | Preparing files to reimport...
[  64% ] reimport | Preparing files to reimport...
[  65% ] reimport | Preparing files to reimport...
[  65% ] reimport | Preparing files to reimport...
[  65% ] reimport | Preparing files to reimport...
[  65% ] reimport | Preparing files to reimport...
[  65% ] reimport | Preparing files to reimport...
[  65% ] reimport | Preparing files to reimport...
[  65% ] reimport | Preparing files to reimport...
[  65% ] reimport | Preparing files to reimport...
[  65% ] reimport | Preparing files to reimport...
[  66% ] reimport | Preparing files to reimport...
[  66% ] reimport | Preparing files to reimport...
[  66% ] reimport | Preparing files to reimport...
[  66% ] reimport | Preparing files to reimport...
[  66% ] reimport | Preparing files to reimport...
[  66% ] reimport | Preparing files to reimport...
[  66% ] reimport | Preparing files to reimport...
[  66% ] reimport | Preparing files to reimport...
[  66% ] reimport | Preparing files to reimport...
[  66% ] reimport | Preparing files to reimport...
[  67% ] reimport | Preparing files to reimport...
[  67% ] reimport | Preparing files to reimport...
[  67% ] reimport | Preparing files to reimport...
[  67% ] reimport | Preparing files to reimport...
[  67% ] reimport | Preparing files to reimport...
[  67% ] reimport | Preparing files to reimport...
[  67% ] reimport | Preparing files to reimport...
[  67% ] reimport | Preparing files to reimport...
[  67% ] reimport | Preparing files to reimport...
[  68% ] reimport | Preparing files to reimport...
[  68% ] reimport | Preparing files to reimport...
[  68% ] reimport | Preparing files to reimport...
[  68% ] reimport | Preparing files to reimport...
[  68% ] reimport | Preparing files to reimport...
[  68% ] reimport | Preparing files to reimport...
[  68% ] reimport | Preparing files to reimport...
[  68% ] reimport | Preparing files to reimport...
[  68% ] reimport | Preparing files to reimport...
[  69% ] reimport | Preparing files to reimport...
[  69% ] reimport | Preparing files to reimport...
[  69% ] reimport | Preparing files to reimport...
[  69% ] reimport | Preparing files to reimport...
[  69% ] reimport | Preparing files to reimport...
[  69% ] reimport | Preparing files to reimport...
[  69% ] reimport | Preparing files to reimport...
[  69% ] reimport | Preparing files to reimport...
[  69% ] reimport | Preparing files to reimport...
[  70% ] reimport | Preparing files to reimport...
[  70% ] reimport | Preparing files to reimport...
[  70% ] reimport | Preparing files to reimport...
[  70% ] reimport | Preparing files to reimport...
[  70% ] reimport | Preparing files to reimport...
[  70% ] reimport | Preparing files to reimport...
[  70% ] reimport | Preparing files to reimport...
[  70% ] reimport | Preparing files to reimport...
[  70% ] reimport | Preparing files to reimport...
[  71% ] reimport | Preparing files to reimport...
[  71% ] reimport | Preparing files to reimport...
[  71% ] reimport | Preparing files to reimport...
[  71% ] reimport | Preparing files to reimport...
[  71% ] reimport | Preparing files to reimport...
[  71% ] reimport | Preparing files to reimport...
[  71% ] reimport | Preparing files to reimport...
[  71% ] reimport | Preparing files to reimport...
[  71% ] reimport | Preparing files to reimport...
[  72% ] reimport | Preparing files to reimport...
[  72% ] reimport | Preparing files to reimport...
[  72% ] reimport | Preparing files to reimport...
[  72% ] reimport | Preparing files to reimport...
[  72% ] reimport | Preparing files to reimport...
[  72% ] reimport | Preparing files to reimport...
[  72% ] reimport | Preparing files to reimport...
[  72% ] reimport | Preparing files to reimport...
[  72% ] reimport | Preparing files to reimport...
[  73% ] reimport | Preparing files to reimport...
[  73% ] reimport | Preparing files to reimport...
[  73% ] reimport | Preparing files to reimport...
[  73% ] reimport | Preparing files to reimport...
[  73% ] reimport | Preparing files to reimport...
[  73% ] reimport | Preparing files to reimport...
[  73% ] reimport | Preparing files to reimport...
[  73% ] reimport | Preparing files to reimport...
[  73% ] reimport | Preparing files to reimport...
[  74% ] reimport | Preparing files to reimport...
[  74% ] reimport | Preparing files to reimport...
[  74% ] reimport | Preparing files to reimport...
[  74% ] reimport | Preparing files to reimport...
[  74% ] reimport | Preparing files to reimport...
[  74% ] reimport | Preparing files to reimport...
[  74% ] reimport | Preparing files to reimport...
[  74% ] reimport | Preparing files to reimport...
[  74% ] reimport | Preparing files to reimport...
[  75% ] reimport | Preparing files to reimport...
[  75% ] reimport | Preparing files to reimport...
[  75% ] reimport | Preparing files to reimport...
[  75% ] reimport | Preparing files to reimport...
[  75% ] reimport | Preparing files to reimport...
[  75% ] reimport | Preparing files to reimport...
[  75% ] reimport | Preparing files to reimport...
[  75% ] reimport | Preparing files to reimport...
[  75% ] reimport | Preparing files to reimport...
[  76% ] reimport | Preparing files to reimport...
[  76% ] reimport | Preparing files to reimport...
[  76% ] reimport | Preparing files to reimport...
[  76% ] reimport | Preparing files to reimport...
[  76% ] reimport | Preparing files to reimport...
[  76% ] reimport | Preparing files to reimport...
[  76% ] reimport | Preparing files to reimport...
[  76% ] reimport | Preparing files to reimport...
[  76% ] reimport | Preparing files to reimport...
[  77% ] reimport | Preparing files to reimport...
[  77% ] reimport | Preparing files to reimport...
[  77% ] reimport | Preparing files to reimport...
[  77% ] reimport | Preparing files to reimport...
[  77% ] reimport | Preparing files to reimport...
[  77% ] reimport | Preparing files to reimport...
[  77% ] reimport | Preparing files to reimport...
[  77% ] reimport | Preparing files to reimport...
[  77% ] reimport | Preparing files to reimport...
[  77% ] reimport | Preparing files to reimport...
[  78% ] reimport | Preparing files to reimport...
[  78% ] reimport | Preparing files to reimport...
[  78% ] reimport | Preparing files to reimport...
[  78% ] reimport | Preparing files to reimport...
[  78% ] reimport | Preparing files to reimport...
[  78% ] reimport | Preparing files to reimport...
[  78% ] reimport | Preparing files to reimport...
[  78% ] reimport | Preparing files to reimport...
[  78% ] reimport | Preparing files to reimport...
[  79% ] reimport | Preparing files to reimport...
[  79% ] reimport | Preparing files to reimport...
[  79% ] reimport | Preparing files to reimport...
[  79% ] reimport | Preparing files to reimport...
[  79% ] reimport | Preparing files to reimport...
[  79% ] reimport | Preparing files to reimport...
[  79% ] reimport | Preparing files to reimport...
[  79% ] reimport | Preparing files to reimport...
[  79% ] reimport | Preparing files to reimport...
[  80% ] reimport | Preparing files to reimport...
[  80% ] reimport | Preparing files to reimport...
[  80% ] reimport | Preparing files to reimport...
[  80% ] reimport | Preparing files to reimport...
[  80% ] reimport | Preparing files to reimport...
[  80% ] reimport | Preparing files to reimport...
[  80% ] reimport | Preparing files to reimport...
[  80% ] reimport | Preparing files to reimport...
[  80% ] reimport | Preparing files to reimport...
[  81% ] reimport | Preparing files to reimport...
[  81% ] reimport | Preparing files to reimport...
[  81% ] reimport | Preparing files to reimport...
[  81% ] reimport | Preparing files to reimport...
[  81% ] reimport | Preparing files to reimport...
[  81% ] reimport | Preparing files to reimport...
[  81% ] reimport | Preparing files to reimport...
[  81% ] reimport | Preparing files to reimport...
[  81% ] reimport | Preparing files to reimport...
[  82% ] reimport | Preparing files to reimport...
[  82% ] reimport | Preparing files to reimport...
[  82% ] reimport | Preparing files to reimport...
[  82% ] reimport | Preparing files to reimport...
[  82% ] reimport | Preparing files to reimport...
[  82% ] reimport | Preparing files to reimport...
[  82% ] reimport | Preparing files to reimport...
[  82% ] reimport | Preparing files to reimport...
[  82% ] reimport | Preparing files to reimport...
[  83% ] reimport | Preparing files to reimport...
[  83% ] reimport | Preparing files to reimport...
[  83% ] reimport | Preparing files to reimport...
[  83% ] reimport | Preparing files to reimport...
[  83% ] reimport | Preparing files to reimport...
[  83% ] reimport | Preparing files to reimport...
[  83% ] reimport | Preparing files to reimport...
[  83% ] reimport | Preparing files to reimport...
[  83% ] reimport | Preparing files to reimport...
[  84% ] reimport | Preparing files to reimport...
[  84% ] reimport | Preparing files to reimport...
[  84% ] reimport | Preparing files to reimport...
[  84% ] reimport | Preparing files to reimport...
[  84% ] reimport | Preparing files to reimport...
[  84% ] reimport | Preparing files to reimport...
[  84% ] reimport | Preparing files to reimport...
[  84% ] reimport | Preparing files to reimport...
[  84% ] reimport | Preparing files to reimport...
[  85% ] reimport | Preparing files to reimport...
[  85% ] reimport | Preparing files to reimport...
[  85% ] reimport | Preparing files to reimport...
[  85% ] reimport | Preparing files to reimport...
[  85% ] reimport | Preparing files to reimport...
[  85% ] reimport | Preparing files to reimport...
[  85% ] reimport | Preparing files to reimport...
[  85% ] reimport | Preparing files to reimport...
[  85% ] reimport | Preparing files to reimport...
[  86% ] reimport | Preparing files to reimport...
[  86% ] reimport | Preparing files to reimport...
[  86% ] reimport | Preparing files to reimport...
[  86% ] reimport | Preparing files to reimport...
[  86% ] reimport | Preparing files to reimport...
[  86% ] reimport | Preparing files to reimport...
[  86% ] reimport | Preparing files to reimport...
[  86% ] reimport | Preparing files to reimport...
[  86% ] reimport | Preparing files to reimport...
[  87% ] reimport | Preparing files to reimport...
[  87% ] reimport | Preparing files to reimport...
[  87% ] reimport | Preparing files to reimport...
[  87% ] reimport | Preparing files to reimport...
[  87% ] reimport | Preparing files to reimport...
[  87% ] reimport | Preparing files to reimport...
[  87% ] reimport | Preparing files to reimport...
[  87% ] reimport | Preparing files to reimport...
[  87% ] reimport | Preparing files to reimport...
[  88% ] reimport | Preparing files to reimport...
[  88% ] reimport | Preparing files to reimport...
[  88% ] reimport | Preparing files to reimport...
[  88% ] reimport | Preparing files to reimport...
[  88% ] reimport | Preparing files to reimport...
[  88% ] reimport | Preparing files to reimport...
[  88% ] reimport | Preparing files to reimport...
[  88% ] reimport | Preparing files to reimport...
[  88% ] reimport | Preparing files to reimport...
[  88% ] reimport | Preparing files to reimport...
[  89% ] reimport | Preparing files to reimport...
[  89% ] reimport | Preparing files to reimport...
[  89% ] reimport | Preparing files to reimport...
[  89% ] reimport | Preparing files to reimport...
[  89% ] reimport | Preparing files to reimport...
[  89% ] reimport | Preparing files to reimport...
[  89% ] reimport | Preparing files to reimport...
[  89% ] reimport | Preparing files to reimport...
[  89% ] reimport | Preparing files to reimport...
[  90% ] reimport | Preparing files to reimport...
[  90% ] reimport | Preparing files to reimport...
[  90% ] reimport | Preparing files to reimport...
[  90% ] reimport | Preparing files to reimport...
[  90% ] reimport | Preparing files to reimport...
[  90% ] reimport | Preparing files to reimport...
[  90% ] reimport | Preparing files to reimport...
[  90% ] reimport | Preparing files to reimport...
[  90% ] reimport | Preparing files to reimport...
[  91% ] reimport | Preparing files to reimport...
[  91% ] reimport | Preparing files to reimport...
[  91% ] reimport | Preparing files to reimport...
[  91% ] reimport | Preparing files to reimport...
[  91% ] reimport | Preparing files to reimport...
[  91% ] reimport | Preparing files to reimport...
[  91% ] reimport | Preparing files to reimport...
[  91% ] reimport | Preparing files to reimport...
[  91% ] reimport | Preparing files to reimport...
[  92% ] reimport | Preparing files to reimport...
[  92% ] reimport | Preparing files to reimport...
[  92% ] reimport | Preparing files to reimport...
[  92% ] reimport | Preparing files to reimport...
[  92% ] reimport | Preparing files to reimport...
[  92% ] reimport | Preparing files to reimport...
[  92% ] reimport | Preparing files to reimport...
[  92% ] reimport | Preparing files to reimport...
[  92% ] reimport | Preparing files to reimport...
[  93% ] reimport | Preparing files to reimport...
[  93% ] reimport | Preparing files to reimport...
[  93% ] reimport | Preparing files to reimport...
[  93% ] reimport | Preparing files to reimport...
[  93% ] reimport | Preparing files to reimport...
[  93% ] reimport | Preparing files to reimport...
[  93% ] reimport | Preparing files to reimport...
[  93% ] reimport | Preparing files to reimport...
[  93% ] reimport | Preparing files to reimport...
[  94% ] reimport | Preparing files to reimport...
[  94% ] reimport | Preparing files to reimport...
[  94% ] reimport | Preparing files to reimport...
[  94% ] reimport | Preparing files to reimport...
[  94% ] reimport | Preparing files to reimport...
[  94% ] reimport | Preparing files to reimport...
[  94% ] reimport | Preparing files to reimport...
[  94% ] reimport | Preparing files to reimport...
[  94% ] reimport | Preparing files to reimport...
[  95% ] reimport | Preparing files to reimport...
[  95% ] reimport | Preparing files to reimport...
[  95% ] reimport | Preparing files to reimport...
[  95% ] reimport | Preparing files to reimport...
[  95% ] reimport | Preparing files to reimport...
[  95% ] reimport | Preparing files to reimport...
[  95% ] reimport | Preparing files to reimport...
[  95% ] reimport | Preparing files to reimport...
[  95% ] reimport | Preparing files to reimport...
[  96% ] reimport | Preparing files to reimport...
[  96% ] reimport | Preparing files to reimport...
[  96% ] reimport | Preparing files to reimport...
[  96% ] reimport | Preparing files to reimport...
[  96% ] reimport | Preparing files to reimport...
[  96% ] reimport | Preparing files to reimport...
[  96% ] reimport | Preparing files to reimport...
[  96% ] reimport | Preparing files to reimport...
[  96% ] reimport | Preparing files to reimport...
[  97% ] reimport | Preparing files to reimport...
[  97% ] reimport | Preparing files to reimport...
[  97% ] reimport | Preparing files to reimport...
[  97% ] reimport | Preparing files to reimport...
[  97% ] reimport | Preparing files to reimport...
[  97% ] reimport | Preparing files to reimport...
[  97% ] reimport | Preparing files to reimport...
[  97% ] reimport | Preparing files to reimport...
[  97% ] reimport | Preparing files to reimport...
[  98% ] reimport | Preparing files to reimport...
[  98% ] reimport | Preparing files to reimport...
[  98% ] reimport | Preparing files to reimport...
[  98% ] reimport | Preparing files to reimport...
[  98% ] reimport | Preparing files to reimport...
[  98% ] reimport | Preparing files to reimport...
[  98% ] reimport | Preparing files to reimport...
[  98% ] reimport | Preparing files to reimport...
[  98% ] reimport | Preparing files to reimport...
[  99% ] reimport | Preparing files to reimport...
[  99% ] reimport | Preparing files to reimport...
[  99% ] reimport | Preparing files to reimport...
[  99% ] reimport | Preparing files to reimport...
[  99% ] reimport | Preparing files to reimport...
[  99% ] reimport | Preparing files to reimport...
[  99% ] reimport | Preparing files to reimport...
[  99% ] reimport | Preparing files to reimport...
[   0% ] reimport | Executing pre-reimport operations...
[   0% ] reimport | frame_0588.png
[   0% ] reimport | frame_0589.png
[   0% ] reimport | frame_0590.png
[   0% ] reimport | frame_0591.png
[   0% ] reimport | frame_0592.png
[   0% ] reimport | frame_0593.png
[   0% ] reimport | frame_0594.png
[   0% ] reimport | frame_0595.png
[   0% ] reimport | frame_0596.png
[   0% ] reimport | frame_0597.png
[   1% ] reimport | frame_0598.png
[   1% ] reimport | frame_0599.png
[   1% ] reimport | frame_0600.png
[   1% ] reimport | frame_0601.png
[   1% ] reimport | frame_0602.png
[   1% ] reimport | frame_0603.png
[   1% ] reimport | frame_0604.png
[   1% ] reimport | frame_0605.png
[   1% ] reimport | frame_0606.png
[   2% ] reimport | frame_0607.png
[   2% ] reimport | frame_0608.png
[   2% ] reimport | frame_0609.png
[   2% ] reimport | frame_0610.png
[   2% ] reimport | frame_0611.png
[   2% ] reimport | frame_0612.png
[   2% ] reimport | frame_0613.png
[   2% ] reimport | frame_0614.png
[   2% ] reimport | frame_0615.png
[   3% ] reimport | frame_0560.png
[   3% ] reimport | frame_0561.png
[   3% ] reimport | frame_0562.png
[   3% ] reimport | frame_0563.png
[   3% ] reimport | frame_0564.png
[   3% ] reimport | frame_0565.png
[   3% ] reimport | frame_0566.png
[   3% ] reimport | frame_0567.png
[   3% ] reimport | frame_0568.png
[   4% ] reimport | frame_0569.png
[   4% ] reimport | frame_0570.png
[   4% ] reimport | frame_0571.png
[   4% ] reimport | frame_0572.png
[   4% ] reimport | frame_0573.png
[   4% ] reimport | frame_0574.png
[   4% ] reimport | frame_0575.png
[   4% ] reimport | frame_0576.png
[   4% ] reimport | frame_0577.png
[   5% ] reimport | frame_0578.png
[   5% ] reimport | frame_0579.png
[   5% ] reimport | frame_0580.png
[   5% ] reimport | frame_0581.png
[   5% ] reimport | frame_0582.png
[   5% ] reimport | frame_0583.png
[   5% ] reimport | frame_0584.png
[   5% ] reimport | frame_0585.png
[   5% ] reimport | frame_0586.png
[   6% ] reimport | frame_0587.png
[   6% ] reimport | frame_0645.png
[   6% ] reimport | frame_0646.png
[   6% ] reimport | frame_0647.png
[   6% ] reimport | frame_0648.png
[   6% ] reimport | frame_0649.png
[   6% ] reimport | frame_0650.png
[   6% ] reimport | frame_0651.png
[   6% ] reimport | frame_0652.png
[   7% ] reimport | frame_0653.png
[   7% ] reimport | frame_0654.png
[   7% ] reimport | frame_0655.png
[   7% ] reimport | frame_0656.png
[   7% ] reimport | frame_0657.png
[   7% ] reimport | frame_0658.png
[   7% ] reimport | frame_0659.png
[   7% ] reimport | frame_0660.png
[   7% ] reimport | frame_0661.png
[   8% ] reimport | frame_0662.png
[   8% ] reimport | frame_0663.png
[   8% ] reimport | frame_0664.png
[   8% ] reimport | frame_0665.png
[   8% ] reimport | frame_0666.png
[   8% ] reimport | frame_0667.png
[   8% ] reimport | frame_0668.png
[   8% ] reimport | frame_0669.png
[   8% ] reimport | frame_0670.png
[   9% ] reimport | frame_0671.png
[   9% ] reimport | frame_0672.png
[   9% ] reimport | frame_0616.png
[   9% ] reimport | frame_0617.png
[   9% ] reimport | frame_0618.png
[   9% ] reimport | frame_0619.png
[   9% ] reimport | frame_0620.png
[   9% ] reimport | frame_0621.png
[   9% ] reimport | frame_0622.png
[  10% ] reimport | frame_0623.png
[  10% ] reimport | frame_0624.png
[  10% ] reimport | frame_0625.png
[  10% ] reimport | frame_0626.png
[  10% ] reimport | frame_0627.png
[  10% ] reimport | frame_0628.png
[  10% ] reimport | frame_0629.png
[  10% ] reimport | frame_0630.png
[  10% ] reimport | frame_0631.png
[  11% ] reimport | frame_0632.png
[  11% ] reimport | frame_0633.png
[  11% ] reimport | frame_0634.png
[  11% ] reimport | frame_0635.png
[  11% ] reimport | frame_0636.png
[  11% ] reimport | frame_0637.png
[  11% ] reimport | frame_0638.png
[  11% ] reimport | frame_0639.png
[  11% ] reimport | frame_0640.png
[  11% ] reimport | frame_0641.png
[  12% ] reimport | frame_0642.png
[  12% ] reimport | frame_0643.png
[  12% ] reimport | frame_0644.png
[  12% ] reimport | frame_0475.png
[  12% ] reimport | frame_0476.png
[  12% ] reimport | frame_0477.png
[  12% ] reimport | frame_0478.png
[  12% ] reimport | frame_0479.png
[  12% ] reimport | frame_0480.png
[  13% ] reimport | frame_0481.png
[  13% ] reimport | frame_0482.png
[  13% ] reimport | frame_0483.png
[  13% ] reimport | frame_0484.png
[  13% ] reimport | frame_0485.png
[  13% ] reimport | frame_0486.png
[  13% ] reimport | frame_0487.png
[  13% ] reimport | frame_0488.png
[  13% ] reimport | frame_0489.png
[  14% ] reimport | frame_0490.png
[  14% ] reimport | frame_0491.png
[  14% ] reimport | frame_0492.png
[  14% ] reimport | frame_0493.png
[  14% ] reimport | frame_0494.png
[  14% ] reimport | frame_0495.png
[  14% ] reimport | frame_0496.png
[  14% ] reimport | frame_0497.png
[  14% ] reimport | frame_0498.png
[  15% ] reimport | frame_0499.png
[  15% ] reimport | frame_0500.png
[  15% ] reimport | frame_0501.png
[  15% ] reimport | frame_0502.png
[  15% ] reimport | frame_0446.png
[  15% ] reimport | frame_0447.png
[  15% ] reimport | frame_0448.png
[  15% ] reimport | frame_0449.png
[  15% ] reimport | frame_0450.png
[  16% ] reimport | frame_0451.png
[  16% ] reimport | frame_0452.png
[  16% ] reimport | frame_0453.png
[  16% ] reimport | frame_0454.png
[  16% ] reimport | frame_0455.png
[  16% ] reimport | frame_0456.png
[  16% ] reimport | frame_0457.png
[  16% ] reimport | frame_0458.png
[  16% ] reimport | frame_0459.png
[  17% ] reimport | frame_0460.png
[  17% ] reimport | frame_0461.png
[  17% ] reimport | frame_0462.png
[  17% ] reimport | frame_0463.png
[  17% ] reimport | frame_0464.png
[  17% ] reimport | frame_0465.png
[  17% ] reimport | frame_0466.png
[  17% ] reimport | frame_0467.png
[  17% ] reimport | frame_0468.png
[  18% ] reimport | frame_0469.png
[  18% ] reimport | frame_0470.png
[  18% ] reimport | frame_0471.png
[  18% ] reimport | frame_0472.png
[  18% ] reimport | frame_0473.png
[  18% ] reimport | frame_0474.png
[  18% ] reimport | frame_0532.png
[  18% ] reimport | frame_0533.png
[  18% ] reimport | frame_0534.png
[  19% ] reimport | frame_0535.png
[  19% ] reimport | frame_0536.png
[  19% ] reimport | frame_0537.png
[  19% ] reimport | frame_0538.png
[  19% ] reimport | frame_0539.png
[  19% ] reimport | frame_0540.png
[  19% ] reimport | frame_0541.png
[  19% ] reimport | frame_0542.png
[  19% ] reimport | frame_0543.png
[  20% ] reimport | frame_0544.png
[  20% ] reimport | frame_0545.png
[  20% ] reimport | frame_0546.png
[  20% ] reimport | frame_0547.png
[  20% ] reimport | frame_0548.png
[  20% ] reimport | frame_0549.png
[  20% ] reimport | frame_0550.png
[  20% ] reimport | frame_0551.png
[  20% ] reimport | frame_0552.png
[  21% ] reimport | frame_0553.png
[  21% ] reimport | frame_0554.png
[  21% ] reimport | frame_0555.png
[  21% ] reimport | frame_0556.png
[  21% ] reimport | frame_0557.png
[  21% ] reimport | frame_0558.png
[  21% ] reimport | frame_0559.png
[  21% ] reimport | frame_0503.png
[  21% ] reimport | frame_0504.png
[  22% ] reimport | frame_0505.png
[  22% ] reimport | frame_0506.png
[  22% ] reimport | frame_0507.png
[  22% ] reimport | frame_0508.png
[  22% ] reimport | frame_0509.png
[  22% ] reimport | frame_0510.png
[  22% ] reimport | frame_0511.png
[  22% ] reimport | frame_0512.png
[  22% ] reimport | frame_0513.png
[  22% ] reimport | frame_0514.png
[  23% ] reimport | frame_0515.png
[  23% ] reimport | frame_0516.png
[  23% ] reimport | frame_0517.png
[  23% ] reimport | frame_0518.png
[  23% ] reimport | frame_0519.png
[  23% ] reimport | frame_0520.png
[  23% ] reimport | frame_0521.png
[  23% ] reimport | frame_0522.png
[  23% ] reimport | frame_0523.png
[  24% ] reimport | frame_0524.png
[  24% ] reimport | frame_0525.png
[  24% ] reimport | frame_0526.png
[  24% ] reimport | frame_0527.png
[  24% ] reimport | frame_0528.png
[  24% ] reimport | frame_0529.png
[  24% ] reimport | frame_0530.png
[  24% ] reimport | frame_0531.png
[  24% ] reimport | frame_0815.png
[  25% ] reimport | frame_0816.png
[  25% ] reimport | frame_0817.png
[  25% ] reimport | frame_0818.png
[  25% ] reimport | frame_0819.png
[  25% ] reimport | frame_0820.png
[  25% ] reimport | frame_0821.png
[  25% ] reimport | frame_0822.png
[  25% ] reimport | frame_0823.png
[  25% ] reimport | frame_0824.png
[  26% ] reimport | frame_0825.png
[  26% ] reimport | frame_0826.png
[  26% ] reimport | frame_0827.png
[  26% ] reimport | frame_0828.png
[  26% ] reimport | frame_0829.png
[  26% ] reimport | frame_0830.png
[  26% ] reimport | frame_0831.png
[  26% ] reimport | frame_0832.png
[  26% ] reimport | frame_0833.png
[  27% ] reimport | frame_0834.png
[  27% ] reimport | frame_0835.png
[  27% ] reimport | frame_0836.png
[  27% ] reimport | frame_0837.png
[  27% ] reimport | frame_0838.png
[  27% ] reimport | frame_0839.png
[  27% ] reimport | frame_0840.png
[  27% ] reimport | frame_0841.png
[  27% ] reimport | frame_0842.png
[  28% ] reimport | frame_0787.png
[  28% ] reimport | frame_0788.png
[  28% ] reimport | frame_0789.png
[  28% ] reimport | frame_0790.png
[  28% ] reimport | frame_0791.png
[  28% ] reimport | frame_0792.png
[  28% ] reimport | frame_0793.png
[  28% ] reimport | frame_0794.png
[  28% ] reimport | frame_0795.png
[  29% ] reimport | frame_0796.png
[  29% ] reimport | frame_0797.png
[  29% ] reimport | frame_0798.png
[  29% ] reimport | frame_0799.png
[  29% ] reimport | frame_0800.png
[  29% ] reimport | frame_0801.png
[  29% ] reimport | frame_0802.png
[  29% ] reimport | frame_0803.png
[  29% ] reimport | frame_0804.png
[  30% ] reimport | frame_0805.png
[  30% ] reimport | frame_0806.png
[  30% ] reimport | frame_0807.png
[  30% ] reimport | frame_0808.png
[  30% ] reimport | frame_0809.png
[  30% ] reimport | frame_0810.png
[  30% ] reimport | frame_0811.png
[  30% ] reimport | frame_0812.png
[  30% ] reimport | frame_0813.png
[  31% ] reimport | frame_0814.png
[  31% ] reimport | frame_0872.png
[  31% ] reimport | frame_0873.png
[  31% ] reimport | frame_0874.png
[  31% ] reimport | frame_0875.png
[  31% ] reimport | frame_0876.png
[  31% ] reimport | frame_0877.png
[  31% ] reimport | frame_0878.png
[  31% ] reimport | frame_0879.png
[  32% ] reimport | frame_0880.png
[  32% ] reimport | frame_0881.png
[  32% ] reimport | frame_0882.png
[  32% ] reimport | frame_0883.png
[  32% ] reimport | frame_0884.png
[  32% ] reimport | frame_0885.png
[  32% ] reimport | frame_0886.png
[  32% ] reimport | frame_0887.png
[  32% ] reimport | frame_0888.png
[  33% ] reimport | frame_0889.png
[  33% ] reimport | frame_0890.png
[  33% ] reimport | frame_0891.png
[  33% ] reimport | frame_0892.png
[  33% ] reimport | frame_0893.png
[  33% ] reimport | frame_0894.png
[  33% ] reimport | frame_0895.png
[  33% ] reimport | frame_0896.png
[  33% ] reimport | frame_0897.png
[  33% ] reimport | frame_0898.png
[  34% ] reimport | frame_0899.png
[  34% ] reimport | frame_0843.png
[  34% ] reimport | frame_0844.png
[  34% ] reimport | frame_0845.png
[  34% ] reimport | frame_0846.png
[  34% ] reimport | frame_0847.png
[  34% ] reimport | frame_0848.png
[  34% ] reimport | frame_0849.png
[  34% ] reimport | frame_0850.png
[  35% ] reimport | frame_0851.png
[  35% ] reimport | frame_0852.png
[  35% ] reimport | frame_0853.png
[  35% ] reimport | frame_0854.png
[  35% ] reimport | frame_0855.png
[  35% ] reimport | frame_0856.png
[  35% ] reimport | frame_0857.png
[  35% ] reimport | frame_0858.png
[  35% ] reimport | frame_0859.png
[  36% ] reimport | frame_0860.png
[  36% ] reimport | frame_0861.png
[  36% ] reimport | frame_0862.png
[  36% ] reimport | frame_0863.png
[  36% ] reimport | frame_0864.png
[  36% ] reimport | frame_0865.png
[  36% ] reimport | frame_0866.png
[  36% ] reimport | frame_0867.png
[  36% ] reimport | frame_0868.png
[  37% ] reimport | frame_0869.png
[  37% ] reimport | frame_0870.png
[  37% ] reimport | frame_0871.png
[  37% ] reimport | frame_0702.png
[  37% ] reimport | frame_0703.png
[  37% ] reimport | frame_0704.png
[  37% ] reimport | frame_0705.png
[  37% ] reimport | frame_0706.png
[  37% ] reimport | frame_0707.png
[  38% ] reimport | frame_0708.png
[  38% ] reimport | frame_0709.png
[  38% ] reimport | frame_0710.png
[  38% ] reimport | frame_0711.png
[  38% ] reimport | frame_0712.png
[  38% ] reimport | frame_0713.png
[  38% ] reimport | frame_0714.png
[  38% ] reimport | frame_0715.png
[  38% ] reimport | frame_0716.png
[  39% ] reimport | frame_0717.png
[  39% ] reimport | frame_0718.png
[  39% ] reimport | frame_0719.png
[  39% ] reimport | frame_0720.png
[  39% ] reimport | frame_0721.png
[  39% ] reimport | frame_0722.png
[  39% ] reimport | frame_0723.png
[  39% ] reimport | frame_0724.png
[  39% ] reimport | frame_0725.png
[  40% ] reimport | frame_0726.png
[  40% ] reimport | frame_0727.png
[  40% ] reimport | frame_0728.png
[  40% ] reimport | frame_0729.png
[  40% ] reimport | frame_0673.png
[  40% ] reimport | frame_0674.png
[  40% ] reimport | frame_0675.png
[  40% ] reimport | frame_0676.png
[  40% ] reimport | frame_0677.png
[  41% ] reimport | frame_0678.png
[  41% ] reimport | frame_0679.png
[  41% ] reimport | frame_0680.png
[  41% ] reimport | frame_0681.png
[  41% ] reimport | frame_0682.png
[  41% ] reimport | frame_0683.png
[  41% ] reimport | frame_0684.png
[  41% ] reimport | frame_0685.png
[  41% ] reimport | frame_0686.png
[  42% ] reimport | frame_0687.png
[  42% ] reimport | frame_0688.png
[  42% ] reimport | frame_0689.png
[  42% ] reimport | frame_0690.png
[  42% ] reimport | frame_0691.png
[  42% ] reimport | frame_0692.png
[  42% ] reimport | frame_0693.png
[  42% ] reimport | frame_0694.png
[  42% ] reimport | frame_0695.png
[  43% ] reimport | frame_0696.png
[  43% ] reimport | frame_0697.png
[  43% ] reimport | frame_0698.png
[  43% ] reimport | frame_0699.png
[  43% ] reimport | frame_0700.png
[  43% ] reimport | frame_0701.png
[  43% ] reimport | frame_0759.png
[  43% ] reimport | frame_0760.png
[  43% ] reimport | frame_0761.png
[  44% ] reimport | frame_0762.png
[  44% ] reimport | frame_0763.png
[  44% ] reimport | frame_0764.png
[  44% ] reimport | frame_0765.png
[  44% ] reimport | frame_0766.png
[  44% ] reimport | frame_0767.png
[  44% ] reimport | frame_0768.png
[  44% ] reimport | frame_0769.png
[  44% ] reimport | frame_0770.png
[  44% ] reimport | frame_0771.png
[  45% ] reimport | frame_0772.png
[  45% ] reimport | frame_0773.png
[  45% ] reimport | frame_0774.png
[  45% ] reimport | frame_0775.png
[  45% ] reimport | frame_0776.png
[  45% ] reimport | frame_0777.png
[  45% ] reimport | frame_0778.png
[  45% ] reimport | frame_0779.png
[  45% ] reimport | frame_0780.png
[  46% ] reimport | frame_0781.png
[  46% ] reimport | frame_0782.png
[  46% ] reimport | frame_0783.png
[  46% ] reimport | frame_0784.png
[  46% ] reimport | frame_0785.png
[  46% ] reimport | frame_0786.png
[  46% ] reimport | frame_0730.png
[  46% ] reimport | frame_0731.png
[  46% ] reimport | frame_0732.png
[  47% ] reimport | frame_0733.png
[  47% ] reimport | frame_0734.png
[  47% ] reimport | frame_0735.png
[  47% ] reimport | frame_0736.png
[  47% ] reimport | frame_0737.png
[  47% ] reimport | frame_0738.png
[  47% ] reimport | frame_0739.png
[  47% ] reimport | frame_0740.png
[  47% ] reimport | frame_0741.png
[  48% ] reimport | frame_0742.png
[  48% ] reimport | frame_0743.png
[  48% ] reimport | frame_0744.png
[  48% ] reimport | frame_0745.png
[  48% ] reimport | frame_0746.png
[  48% ] reimport | frame_0747.png
[  48% ] reimport | frame_0748.png
[  48% ] reimport | frame_0749.png
[  48% ] reimport | frame_0750.png
[  49% ] reimport | frame_0751.png
[  49% ] reimport | frame_0752.png
[  49% ] reimport | frame_0753.png
[  49% ] reimport | frame_0754.png
[  49% ] reimport | frame_0755.png
[  49% ] reimport | frame_0756.png
[  49% ] reimport | frame_0757.png
[  49% ] reimport | frame_0758.png
[  49% ] reimport | frame_0134.png
[  50% ] reimport | frame_0135.png
[  50% ] reimport | frame_0136.png
[  50% ] reimport | frame_0137.png
[  50% ] reimport | frame_0138.png
[  50% ] reimport | frame_0139.png
[  50% ] reimport | frame_0140.png
[  50% ] reimport | frame_0141.png
[  50% ] reimport | frame_0142.png
[  50% ] reimport | frame_0143.png
[  51% ] reimport | frame_0144.png
[  51% ] reimport | frame_0145.png
[  51% ] reimport | frame_0146.png
[  51% ] reimport | frame_0147.png
[  51% ] reimport | frame_0148.png
[  51% ] reimport | frame_0149.png
[  51% ] reimport | frame_0150.png
[  51% ] reimport | frame_0151.png
[  51% ] reimport | frame_0152.png
[  52% ] reimport | frame_0153.png
[  52% ] reimport | frame_0154.png
[  52% ] reimport | frame_0155.png
[  52% ] reimport | frame_0156.png
[  52% ] reimport | frame_0157.png
[  52% ] reimport | frame_0158.png
[  52% ] reimport | frame_0159.png
[  52% ] reimport | frame_0160.png
[  52% ] reimport | frame_0161.png
[  53% ] reimport | frame_0106.png
[  53% ] reimport | frame_0107.png
[  53% ] reimport | frame_0108.png
[  53% ] reimport | frame_0109.png
[  53% ] reimport | frame_0110.png
[  53% ] reimport | frame_0111.png
[  53% ] reimport | frame_0112.png
[  53% ] reimport | frame_0113.png
[  53% ] reimport | frame_0114.png
[  54% ] reimport | frame_0115.png
[  54% ] reimport | frame_0116.png
[  54% ] reimport | frame_0117.png
[  54% ] reimport | frame_0118.png
[  54% ] reimport | frame_0119.png
[  54% ] reimport | frame_0120.png
[  54% ] reimport | frame_0121.png
[  54% ] reimport | frame_0122.png
[  54% ] reimport | frame_0123.png
[  55% ] reimport | frame_0124.png
[  55% ] reimport | frame_0125.png
[  55% ] reimport | frame_0126.png
[  55% ] reimport | frame_0127.png
[  55% ] reimport | frame_0128.png
[  55% ] reimport | frame_0129.png
[  55% ] reimport | frame_0130.png
[  55% ] reimport | frame_0131.png
[  55% ] reimport | frame_0132.png
[  55% ] reimport | frame_0133.png
[  56% ] reimport | frame_0191.png
[  56% ] reimport | frame_0192.png
[  56% ] reimport | frame_0193.png
[  56% ] reimport | frame_0194.png
[  56% ] reimport | frame_0195.png
[  56% ] reimport | frame_0196.png
[  56% ] reimport | frame_0197.png
[  56% ] reimport | frame_0198.png
[  56% ] reimport | frame_0199.png
[  57% ] reimport | frame_0200.png
[  57% ] reimport | frame_0201.png
[  57% ] reimport | frame_0202.png
[  57% ] reimport | frame_0203.png
[  57% ] reimport | frame_0204.png
[  57% ] reimport | frame_0205.png
[  57% ] reimport | frame_0206.png
[  57% ] reimport | frame_0207.png
[  57% ] reimport | frame_0208.png
[  58% ] reimport | frame_0209.png
[  58% ] reimport | frame_0210.png
[  58% ] reimport | frame_0211.png
[  58% ] reimport | frame_0212.png
[  58% ] reimport | frame_0213.png
[  58% ] reimport | frame_0214.png
[  58% ] reimport | frame_0215.png
[  58% ] reimport | frame_0216.png
[  58% ] reimport | frame_0217.png
[  59% ] reimport | frame_0218.png
[  59% ] reimport | frame_0162.png
[  59% ] reimport | frame_0163.png
[  59% ] reimport | frame_0164.png
[  59% ] reimport | frame_0165.png
[  59% ] reimport | frame_0166.png
[  59% ] reimport | frame_0167.png
[  59% ] reimport | frame_0168.png
[  59% ] reimport | frame_0169.png
[  60% ] reimport | frame_0170.png
[  60% ] reimport | frame_0171.png
[  60% ] reimport | frame_0172.png
[  60% ] reimport | frame_0173.png
[  60% ] reimport | frame_0174.png
[  60% ] reimport | frame_0175.png
[  60% ] reimport | frame_0176.png
[  60% ] reimport | frame_0177.png
[  60% ] reimport | frame_0178.png
[  61% ] reimport | frame_0179.png
[  61% ] reimport | frame_0180.png
[  61% ] reimport | frame_0181.png
[  61% ] reimport | frame_0182.png
[  61% ] reimport | frame_0183.png
[  61% ] reimport | frame_0184.png
[  61% ] reimport | frame_0185.png
[  61% ] reimport | frame_0186.png
[  61% ] reimport | frame_0187.png
[  62% ] reimport | frame_0188.png
[  62% ] reimport | frame_0189.png
[  62% ] reimport | frame_0190.png
[  62% ] reimport | frame_0021.png
[  62% ] reimport | frame_0022.png
[  62% ] reimport | frame_0023.png
[  62% ] reimport | frame_0024.png
[  62% ] reimport | frame_0025.png
[  62% ] reimport | frame_0026.png
[  63% ] reimport | frame_0027.png
[  63% ] reimport | frame_0028.png
[  63% ] reimport | frame_0029.png
[  63% ] reimport | frame_0030.png
[  63% ] reimport | frame_0031.png
[  63% ] reimport | frame_0032.png
[  63% ] reimport | frame_0033.png
[  63% ] reimport | frame_0034.png
[  63% ] reimport | frame_0035.png
[  64% ] reimport | frame_0036.png
[  64% ] reimport | frame_0037.png
[  64% ] reimport | frame_0038.png
[  64% ] reimport | frame_0039.png
[  64% ] reimport | frame_0040.png
[  64% ] reimport | frame_0041.png
[  64% ] reimport | frame_0042.png
[  64% ] reimport | frame_0043.png
[  64% ] reimport | frame_0044.png
[  65% ] reimport | frame_0045.png
[  65% ] reimport | frame_0046.png
[  65% ] reimport | frame_0047.png
[  65% ] reimport | frame_0048.png
[  65% ] reimport | 01_overview_start.png
[  65% ] reimport | 02_camera_follow.png
[  65% ] reimport | 03_rider_scale_gallop.png
[  65% ] reimport | 04_aim_charge_readable.png
[  65% ] reimport | 05_strike_pose.png
[  66% ] reimport | 06_ball_follow.png
[  66% ] reimport | 07_goal_camera_feedback.png
[  66% ] reimport | 08_mobile_20x9_hud.png
[  66% ] reimport | frame_0000.png
[  66% ] reimport | frame_0001.png
[  66% ] reimport | frame_0002.png
[  66% ] reimport | frame_0003.png
[  66% ] reimport | frame_0004.png
[  66% ] reimport | frame_0005.png
[  66% ] reimport | frame_0006.png
[  67% ] reimport | frame_0007.png
[  67% ] reimport | frame_0008.png
[  67% ] reimport | frame_0009.png
[  67% ] reimport | frame_0010.png
[  67% ] reimport | frame_0011.png
[  67% ] reimport | frame_0012.png
[  67% ] reimport | frame_0013.png
[  67% ] reimport | frame_0014.png
[  67% ] reimport | frame_0015.png
[  68% ] reimport | frame_0016.png
[  68% ] reimport | frame_0017.png
[  68% ] reimport | frame_0018.png
[  68% ] reimport | frame_0019.png
[  68% ] reimport | frame_0020.png
[  68% ] reimport | frame_0078.png
[  68% ] reimport | frame_0079.png
[  68% ] reimport | frame_0080.png
[  68% ] reimport | frame_0081.png
[  69% ] reimport | frame_0082.png
[  69% ] reimport | frame_0083.png
[  69% ] reimport | frame_0084.png
[  69% ] reimport | frame_0085.png
[  69% ] reimport | frame_0086.png
[  69% ] reimport | frame_0087.png
[  69% ] reimport | frame_0088.png
[  69% ] reimport | frame_0089.png
[  69% ] reimport | frame_0090.png
[  70% ] reimport | frame_0091.png
[  70% ] reimport | frame_0092.png
[  70% ] reimport | frame_0093.png
[  70% ] reimport | frame_0094.png
[  70% ] reimport | frame_0095.png
[  70% ] reimport | frame_0096.png
[  70% ] reimport | frame_0097.png
[  70% ] reimport | frame_0098.png
[  70% ] reimport | frame_0099.png
[  71% ] reimport | frame_0100.png
[  71% ] reimport | frame_0101.png
[  71% ] reimport | frame_0102.png
[  71% ] reimport | frame_0103.png
[  71% ] reimport | frame_0104.png
[  71% ] reimport | frame_0105.png
[  71% ] reimport | frame_0049.png
[  71% ] reimport | frame_0050.png
[  71% ] reimport | frame_0051.png
[  72% ] reimport | frame_0052.png
[  72% ] reimport | frame_0053.png
[  72% ] reimport | frame_0054.png
[  72% ] reimport | frame_0055.png
[  72% ] reimport | frame_0056.png
[  72% ] reimport | frame_0057.png
[  72% ] reimport | frame_0058.png
[  72% ] reimport | frame_0059.png
[  72% ] reimport | frame_0060.png
[  73% ] reimport | frame_0061.png
[  73% ] reimport | frame_0062.png
[  73% ] reimport | frame_0063.png
[  73% ] reimport | frame_0064.png
[  73% ] reimport | frame_0065.png
[  73% ] reimport | frame_0066.png
[  73% ] reimport | frame_0067.png
[  73% ] reimport | frame_0068.png
[  73% ] reimport | frame_0069.png
[  74% ] reimport | frame_0070.png
[  74% ] reimport | frame_0071.png
[  74% ] reimport | frame_0072.png
[  74% ] reimport | frame_0073.png
[  74% ] reimport | frame_0074.png
[  74% ] reimport | frame_0075.png
[  74% ] reimport | frame_0076.png
[  74% ] reimport | frame_0077.png
[  74% ] reimport | frame_0361.png
[  75% ] reimport | frame_0362.png
[  75% ] reimport | frame_0363.png
[  75% ] reimport | frame_0364.png
[  75% ] reimport | frame_0365.png
[  75% ] reimport | frame_0366.png
[  75% ] reimport | frame_0367.png
[  75% ] reimport | frame_0368.png
[  75% ] reimport | frame_0369.png
[  75% ] reimport | frame_0370.png
[  76% ] reimport | frame_0371.png
[  76% ] reimport | frame_0372.png
[  76% ] reimport | frame_0373.png
[  76% ] reimport | frame_0374.png
[  76% ] reimport | frame_0375.png
[  76% ] reimport | frame_0376.png
[  76% ] reimport | frame_0377.png
[  76% ] reimport | frame_0378.png
[  76% ] reimport | frame_0379.png
[  77% ] reimport | frame_0380.png
[  77% ] reimport | frame_0381.png
[  77% ] reimport | frame_0382.png
[  77% ] reimport | frame_0383.png
[  77% ] reimport | frame_0384.png
[  77% ] reimport | frame_0385.png
[  77% ] reimport | frame_0386.png
[  77% ] reimport | frame_0387.png
[  77% ] reimport | frame_0388.png
[  77% ] reimport | frame_0333.png
[  78% ] reimport | frame_0334.png
[  78% ] reimport | frame_0335.png
[  78% ] reimport | frame_0336.png
[  78% ] reimport | frame_0337.png
[  78% ] reimport | frame_0338.png
[  78% ] reimport | frame_0339.png
[  78% ] reimport | frame_0340.png
[  78% ] reimport | frame_0341.png
[  78% ] reimport | frame_0342.png
[  79% ] reimport | frame_0343.png
[  79% ] reimport | frame_0344.png
[  79% ] reimport | frame_0345.png
[  79% ] reimport | frame_0346.png
[  79% ] reimport | frame_0347.png
[  79% ] reimport | frame_0348.png
[  79% ] reimport | frame_0349.png
[  79% ] reimport | frame_0350.png
[  79% ] reimport | frame_0351.png
[  80% ] reimport | frame_0352.png
[  80% ] reimport | frame_0353.png
[  80% ] reimport | frame_0354.png
[  80% ] reimport | frame_0355.png
[  80% ] reimport | frame_0356.png
[  80% ] reimport | frame_0357.png
[  80% ] reimport | frame_0358.png
[  80% ] reimport | frame_0359.png
[  80% ] reimport | frame_0360.png
[  81% ] reimport | frame_0418.png
[  81% ] reimport | frame_0419.png
[  81% ] reimport | frame_0420.png
[  81% ] reimport | frame_0421.png
[  81% ] reimport | frame_0422.png
[  81% ] reimport | frame_0423.png
[  81% ] reimport | frame_0424.png
[  81% ] reimport | frame_0425.png
[  81% ] reimport | frame_0426.png
[  82% ] reimport | frame_0427.png
[  82% ] reimport | frame_0428.png
[  82% ] reimport | frame_0429.png
[  82% ] reimport | frame_0430.png
[  82% ] reimport | frame_0431.png
[  82% ] reimport | frame_0432.png
[  82% ] reimport | frame_0433.png
[  82% ] reimport | frame_0434.png
[  82% ] reimport | frame_0435.png
[  83% ] reimport | frame_0436.png
[  83% ] reimport | frame_0437.png
[  83% ] reimport | frame_0438.png
[  83% ] reimport | frame_0439.png
[  83% ] reimport | frame_0440.png
[  83% ] reimport | frame_0441.png
[  83% ] reimport | frame_0442.png
[  83% ] reimport | frame_0443.png
[  83% ] reimport | frame_0444.png
[  84% ] reimport | frame_0445.png
[  84% ] reimport | frame_0389.png
[  84% ] reimport | frame_0390.png
[  84% ] reimport | frame_0391.png
[  84% ] reimport | frame_0392.png
[  84% ] reimport | frame_0393.png
[  84% ] reimport | frame_0394.png
[  84% ] reimport | frame_0395.png
[  84% ] reimport | frame_0396.png
[  85% ] reimport | frame_0397.png
[  85% ] reimport | frame_0398.png
[  85% ] reimport | frame_0399.png
[  85% ] reimport | frame_0400.png
[  85% ] reimport | frame_0401.png
[  85% ] reimport | frame_0402.png
[  85% ] reimport | frame_0403.png
[  85% ] reimport | frame_0404.png
[  85% ] reimport | frame_0405.png
[  86% ] reimport | frame_0406.png
[  86% ] reimport | frame_0407.png
[  86% ] reimport | frame_0408.png
[  86% ] reimport | frame_0409.png
[  86% ] reimport | frame_0410.png
[  86% ] reimport | frame_0411.png
[  86% ] reimport | frame_0412.png
[  86% ] reimport | frame_0413.png
[  86% ] reimport | frame_0414.png
[  87% ] reimport | frame_0415.png
[  87% ] reimport | frame_0416.png
[  87% ] reimport | frame_0417.png
[  87% ] reimport | frame_0248.png
[  87% ] reimport | frame_0249.png
[  87% ] reimport | frame_0250.png
[  87% ] reimport | frame_0251.png
[  87% ] reimport | frame_0252.png
[  87% ] reimport | frame_0253.png
[  88% ] reimport | frame_0254.png
[  88% ] reimport | frame_0255.png
[  88% ] reimport | frame_0256.png
[  88% ] reimport | frame_0257.png
[  88% ] reimport | frame_0258.png
[  88% ] reimport | frame_0259.png
[  88% ] reimport | frame_0260.png
[  88% ] reimport | frame_0261.png
[  88% ] reimport | frame_0262.png
[  88% ] reimport | frame_0263.png
[  89% ] reimport | frame_0264.png
[  89% ] reimport | frame_0265.png
[  89% ] reimport | frame_0266.png
[  89% ] reimport | frame_0267.png
[  89% ] reimport | frame_0268.png
[  89% ] reimport | frame_0269.png
[  89% ] reimport | frame_0270.png
[  89% ] reimport | frame_0271.png
[  89% ] reimport | frame_0272.png
[  90% ] reimport | frame_0273.png
[  90% ] reimport | frame_0274.png
[  90% ] reimport | frame_0275.png
[  90% ] reimport | frame_0219.png
[  90% ] reimport | frame_0220.png
[  90% ] reimport | frame_0221.png
[  90% ] reimport | frame_0222.png
[  90% ] reimport | frame_0223.png
[  90% ] reimport | frame_0224.png
[  91% ] reimport | frame_0225.png
[  91% ] reimport | frame_0226.png
[  91% ] reimport | frame_0227.png
[  91% ] reimport | frame_0228.png
[  91% ] reimport | frame_0229.png
[  91% ] reimport | frame_0230.png
[  91% ] reimport | frame_0231.png
[  91% ] reimport | frame_0232.png
[  91% ] reimport | frame_0233.png
[  92% ] reimport | frame_0234.png
[  92% ] reimport | frame_0235.png
[  92% ] reimport | frame_0236.png
[  92% ] reimport | frame_0237.png
[  92% ] reimport | frame_0238.png
[  92% ] reimport | frame_0239.png
[  92% ] reimport | frame_0240.png
[  92% ] reimport | frame_0241.png
[  92% ] reimport | frame_0242.png
[  93% ] reimport | frame_0243.png
[  93% ] reimport | frame_0244.png
[  93% ] reimport | frame_0245.png
[  93% ] reimport | frame_0246.png
[  93% ] reimport | frame_0247.png
[  93% ] reimport | frame_0305.png
[  93% ] reimport | frame_0306.png
[  93% ] reimport | frame_0307.png
[  93% ] reimport | frame_0308.png
[  94% ] reimport | frame_0309.png
[  94% ] reimport | frame_0310.png
[  94% ] reimport | frame_0311.png
[  94% ] reimport | frame_0312.png
[  94% ] reimport | frame_0313.png
[  94% ] reimport | frame_0314.png
[  94% ] reimport | frame_0315.png
[  94% ] reimport | frame_0316.png
[  94% ] reimport | frame_0317.png
[  95% ] reimport | frame_0318.png
[  95% ] reimport | frame_0319.png
[  95% ] reimport | frame_0320.png
[  95% ] reimport | frame_0321.png
[  95% ] reimport | frame_0322.png
[  95% ] reimport | frame_0323.png
[  95% ] reimport | frame_0324.png
[  95% ] reimport | frame_0325.png
[  95% ] reimport | frame_0326.png
[  96% ] reimport | frame_0327.png
[  96% ] reimport | frame_0328.png
[  96% ] reimport | frame_0329.png
[  96% ] reimport | frame_0330.png
[  96% ] reimport | frame_0331.png
[  96% ] reimport | frame_0332.png
[  96% ] reimport | frame_0276.png
[  96% ] reimport | frame_0277.png
[  96% ] reimport | frame_0278.png
[  97% ] reimport | frame_0279.png
[  97% ] reimport | frame_0280.png
[  97% ] reimport | frame_0281.png
[  97% ] reimport | frame_0282.png
[  97% ] reimport | frame_0283.png
[  97% ] reimport | frame_0284.png
[  97% ] reimport | frame_0285.png
[  97% ] reimport | frame_0286.png
[  97% ] reimport | frame_0287.png
[  98% ] reimport | frame_0288.png
[  98% ] reimport | frame_0289.png
[  98% ] reimport | frame_0290.png
[  98% ] reimport | frame_0291.png
[  98% ] reimport | frame_0292.png
[  98% ] reimport | frame_0293.png
[  98% ] reimport | frame_0294.png
[  98% ] reimport | frame_0295.png
[  98% ] reimport | frame_0296.png
[  99% ] reimport | frame_0297.png
[  99% ] reimport | frame_0298.png
[  99% ] reimport | frame_0299.png
[  99% ] reimport | frame_0300.png
[  99% ] reimport | frame_0301.png
[  99% ] reimport | frame_0302.png
[  99% ] reimport | frame_0303.png
[  99% ] reimport | frame_0304.png
[  99% ] reimport | Finalizing Asset Import...
[ DONE ] reimport

[   0% ] reimport | Started (Re)Importing Assets (908 steps)
[   0% ] reimport | Executing post-reimport operations...
[ DONE ] reimport

Could not find version of build tools that matches Target SDK, using 35.0.0
[   0% ] export | Started Exporting for Android (105 steps)
0 param: --xr_mode_regular
1 param: --xr-mode
2 param: off
3 param: --fullscreen
4 param: --background_color
5 param: #000000
[   0% ] export | Creating APK...
ADDING: classes.dex
ADDING: classes10.dex
ADDING: classes11.dex
ADDING: classes12.dex
ADDING: classes13.dex
ADDING: classes2.dex
ADDING: classes3.dex
ADDING: classes4.dex
ADDING: classes5.dex
ADDING: classes6.dex
ADDING: classes7.dex
ADDING: classes8.dex
ADDING: classes9.dex
ADDING: lib/arm64-v8a/libc++_shared.so
ADDING: lib/arm64-v8a/libgodot_android.so
ADDING: lib/armeabi-v7a/libc++_shared.so
ADDING: lib/armeabi-v7a/libgodot_android.so
Adding application metadata org.godotengine.rendering.method
Adding application metadata org.godotengine.editor.version
ADDING: AndroidManifest.xml
ADDING: res/anim-v21/fragment_fast_out_extra_slow_in.xml
ADDING: res/animator/fragment_close_enter.xml
ADDING: res/animator/fragment_close_exit.xml
ADDING: res/animator/fragment_fade_enter.xml
ADDING: res/animator/fragment_fade_exit.xml
ADDING: res/animator/fragment_open_enter.xml
ADDING: res/animator/fragment_open_exit.xml
ADDING: res/drawable-hdpi-v4/notification_bg_low_normal.9.png
ADDING: res/drawable-hdpi-v4/notification_bg_low_pressed.9.png
ADDING: res/drawable-hdpi-v4/notification_bg_normal.9.png
ADDING: res/drawable-hdpi-v4/notification_bg_normal_pressed.9.png
ADDING: res/drawable-hdpi-v4/notify_panel_notification_icon_bg.png
ADDING: res/drawable-mdpi-v4/notification_bg_low_normal.9.png
ADDING: res/drawable-mdpi-v4/notification_bg_low_pressed.9.png
ADDING: res/drawable-mdpi-v4/notification_bg_normal.9.png
ADDING: res/drawable-mdpi-v4/notification_bg_normal_pressed.9.png
ADDING: res/drawable-mdpi-v4/notify_panel_notification_icon_bg.png
ADDING: res/drawable-v21/notification_action_background.xml
ADDING: res/drawable-v23/compat_splash_screen.xml
ADDING: res/drawable-v23/compat_splash_screen_no_icon_background.xml
ADDING: res/drawable-xhdpi-v4/notification_bg_low_normal.9.png
ADDING: res/drawable-xhdpi-v4/notification_bg_low_pressed.9.png
ADDING: res/drawable-xhdpi-v4/notification_bg_normal.9.png
ADDING: res/drawable-xhdpi-v4/notification_bg_normal_pressed.9.png
ADDING: res/drawable-xhdpi-v4/notify_panel_notification_icon_bg.png
ADDING: res/drawable/icon_background.xml
ADDING: res/drawable/notification_bg.xml
ADDING: res/drawable/notification_bg_low.xml
ADDING: res/drawable/notification_icon_background.xml
ADDING: res/drawable/notification_tile_bg.xml
ADDING: res/drawable/splash_branding_image.webp
ADDING: res/drawable/splash_icon.webp
ADDING: res/layout-v21/notification_action.xml
ADDING: res/layout-v21/notification_action_tombstone.xml
ADDING: res/layout-v21/notification_template_custom_big.xml
ADDING: res/layout-v21/notification_template_icon_group.xml
ADDING: res/layout/custom_dialog.xml
ADDING: res/layout/godot_app_layout.xml
ADDING: res/layout/notification_template_part_chronometer.xml
ADDING: res/layout/notification_template_part_time.xml
ADDING: res/layout/remote_godot_fragment_layout.xml
ADDING: res/layout/snackbar.xml
ADDING: res/layout/splash_screen_view.xml
ADDING: res/mipmap-anydpi-v26/icon.xml
ADDING: res/mipmap-hdpi-v4/icon.webp
ADDING: res/mipmap-hdpi-v4/icon_background.webp
ADDING: res/mipmap-hdpi-v4/icon_foreground.webp
ADDING: res/mipmap-hdpi-v4/icon_monochrome.webp
ADDING: res/mipmap-mdpi-v4/icon.webp
ADDING: res/mipmap-mdpi-v4/icon_background.webp
ADDING: res/mipmap-mdpi-v4/icon_foreground.webp
ADDING: res/mipmap-mdpi-v4/icon_monochrome.webp
ADDING: res/mipmap-xhdpi-v4/icon.webp
ADDING: res/mipmap-xhdpi-v4/icon_background.webp
ADDING: res/mipmap-xhdpi-v4/icon_foreground.webp
ADDING: res/mipmap-xhdpi-v4/icon_monochrome.webp
ADDING: res/mipmap-xxhdpi-v4/icon.webp
ADDING: res/mipmap-xxhdpi-v4/icon_background.webp
ADDING: res/mipmap-xxhdpi-v4/icon_foreground.webp
ADDING: res/mipmap-xxhdpi-v4/icon_monochrome.webp
ADDING: res/mipmap-xxxhdpi-v4/icon.webp
ADDING: res/mipmap-xxxhdpi-v4/icon_background.webp
ADDING: res/mipmap-xxxhdpi-v4/icon_foreground.webp
ADDING: res/mipmap-xxxhdpi-v4/icon_monochrome.webp
ADDING: res/mipmap/icon.webp
ADDING: res/mipmap/icon_background.webp
ADDING: res/mipmap/icon_foreground.webp
ADDING: res/mipmap/icon_monochrome.webp
ADDING: res/xml/godot_provider_paths.xml
ADDING: resources.arsc
ADDING: DebugProbesKt.bin
ADDING: kotlin/annotation/annotation.kotlin_builtins
ADDING: kotlin/collections/collections.kotlin_builtins
ADDING: kotlin/concurrent/atomics/atomics.kotlin_builtins
ADDING: kotlin/coroutines/coroutines.kotlin_builtins
ADDING: kotlin/internal/internal.kotlin_builtins
ADDING: kotlin/kotlin.kotlin_builtins
ADDING: kotlin/ranges/ranges.kotlin_builtins
ADDING: kotlin/reflect/reflect.kotlin_builtins
[   0% ] export | Adding files...
[  97% ] export | Aligning APK...
[  98% ] export | Signing debug APK...
Could not find version of build tools that matches Target SDK, using 35.0.0
Signing binary using: 
C:\Users\LEGION\AppData\Local/Android/Sdk/build-tools/35.0.0/apksigner.bat sign --verbose --ks <REDACTED> --ks-pass pass:<REDACTED> --ks-key-alias <REDACTED> F:/polo/builds/chogan-gate-a7-debug.apk
Signed

[  99% ] export | Verifying APK...
[ DONE ] export

